"","PROPERTY_ID","PROPERTY_NAME","ADDRESS","CITY","TYPE","INSPECTIONS","MEAN_SCORE","MEDIAN_SCORE","MOST_RECENT_INSPECTION","OLDEST_INSPECTION","INSPECTION_INTERVAL"
"1","800013923","Acacia-Lumberton Manor","423 E Landing St","Lumberton","Multifamily",3,92,94,2010-09-21,2002-10-21,6.66666666666667
"2","800013923","Acacia-Lumberton Manor","423 Landing St","Lumberton","Multifamily",2,98,98,2019-05-09,2016-04-08,10
"3","800013926","Alexandria Group Home","1 Alexandria Dr","Manalapan","Multifamily",2,92.5,92.5,2018-04-06,2014-09-29,10
"4","800013926","Alexandria Group Home","Alexandria & Symmes Road","Manalapan","Multifamily",3,81.3333333333333,83,2007-09-28,2002-09-24,6.66666666666667
"5","800013939","Arlington Arms","750 Grand St","Jersey City","Multifamily",8,63.5,66.5,2018-09-20,2002-09-30,2.5
"6","800013939","Arlington Arms","752 Grand St","Jersey City","Multifamily",2,82,82,2014-06-04,2013-05-02,10
"7","800013942","Aspen Belmont B","399 Belmont Ave","Belleville","Multifamily",1,45,45,2017-10-24,2017-10-24,20
"8","800013942","Aspen Belmont B","399-400 Belmont Avenue","Newark","Multifamily",7,75.4285714285714,77,2013-09-24,2000-09-01,2.85714285714286
"9","800013942","Aspen Belmont B",,"Newark","Multifamily",1,67,67,2015-09-30,2015-09-30,20
"10","800013953","Audobon Park Apartments","112 Bergen Ave","Jersey City","Multifamily",10,73.6,72,2015-12-21,2001-07-27,2
"11","800013953","Audobon Park Apartments","135 Bergen Ave","Jersey City","Multifamily",1,78,78,2014-10-20,2014-10-20,20
"12","800013953","Audubon Park Apartments","112 Bergen Ave","Jersey City","Multifamily",1,82,82,2018-03-01,2018-03-01,20
"13","800013958","Bergerville Group Home","122 Bergerville Rd","Freehold","Multifamily",3,89.6666666666667,97,2018-12-06,2014-09-29,6.66666666666667
"14","800013958","Bergerville Group Home","86a Bergerville Rd","Freehold","Multifamily",3,94.3333333333333,94,2010-10-18,2002-09-25,6.66666666666667
"15","800013963","Burlington Manor Apts.","225 E Pearl St","Burlington","Multifamily",3,86.3333333333333,94,2010-12-15,2002-05-31,6.66666666666667
"16","800013963","Burlington Manor Apts.","225 Eastpearl Blvd","Burlington","Multifamily",1,94,94,2019-09-27,2019-09-27,20
"17","800013963","Burlington Manor Apts.",,"Burlington","Multifamily",1,93,93,2016-05-16,2016-05-16,20
"18","800013974","Belmont Apts A","393 Belmont Avenue","Newark","Multifamily",1,76,76,2013-10-18,2013-10-18,20
"19","800013974","Belmont Apts A","393-395 Belmont Avenue","Newark","Multifamily",7,61.5714285714286,69,2017-11-01,2002-10-10,2.85714285714286
"20","800013974","Belmont Apts A",,"Newark","Multifamily",1,81,81,2015-03-19,2015-03-19,20
"21","800013975","Bentley Woods","Higgins & Rossevelt Drive","Glassboro","Multifamily",6,78.6666666666667,78.5,2010-01-08,2000-10-18,3.33333333333333
"22","800013975","Whitney Crescent","Higgins & Rossevelt Drive","Glassboro","Multifamily",1,85,85,2016-11-22,2016-11-22,20
"23","800013981","Bethany Towers","1 Clark St","Hazlet","Multifamily",3,84,84,2016-11-23,2013-09-09,6.66666666666667
"24","800013981","Bethany Towers","500 Broad St","Keyport","Multifamily",3,82.3333333333333,89,2007-10-09,2003-09-15,6.66666666666667
"25","800013987","Bridgeton Villas Ii","205 Cottage Ave","Bridgeton","Multifamily",1,89,89,2014-02-19,2014-02-19,20
"26","800013987","Bridgeton Villas Ii","9af Cottage Avenue","Bridgeton","Multifamily",6,88,88.5,2019-08-13,2000-11-28,3.33333333333333
"27","800013994","Brookside Gardens","239 Murray Hill Terrace","Bergenfield","Multifamily",4,95.75,99.5,2018-12-04,2003-06-26,5
"28","800013994","Brookside Gardens",,"Bergenfield","Multifamily",1,99,99,2015-05-22,2015-05-22,20
"29","800013997","Brunswick Village Limited Partnership","825 Brunswick Ave","Trenton","Multifamily",1,70,70,2014-02-26,2014-02-26,20
"30","800013997","Brunswick Village Limited Partnership","833 Brunswick Ave","Trenton","Multifamily",6,80,84.5,2018-11-13,2000-11-02,3.33333333333333
"31","800014033","Nutley Senior Manor","47 Vincent Pl","Nutley","Multifamily",1,78,78,2014-09-22,2014-09-22,20
"32","800014033","Nutley Senior Manor","Vincent Place","Nutley","Multifamily",3,91.6666666666667,99,2010-05-12,2003-07-17,6.66666666666667
"33","800014033","Nutley Senior Manor",,"Nutley","Multifamily",1,92,92,2015-12-18,2015-12-18,20
"34","800014043","Center City Co. 3","2 Stratford Pl","Newark","Multifamily",1,51,51,2014-04-10,2014-04-10,20
"35","800014043","Center City Co. 3","37 Brunswick St","Newark","Multifamily",6,71.3333333333333,76.5,2017-09-12,2000-11-02,3.33333333333333
"36","800014045","Center City Hsg 9b","76 Court St","Newark","Multifamily",7,78.7142857142857,79,2016-12-09,2000-10-31,2.85714285714286
"37","800014045","Center City Hsg 9b","80 Court St","Newark","Multifamily",1,92,92,2013-12-11,2013-12-11,20
"38","800014050","Charleston Place Apartments","3424 Route 27","Kendall Park","Multifamily",4,90.5,90.5,2019-03-05,2002-07-16,5
"39","800014050","Charleston Place Apartments",,"Kendall Park","Multifamily",1,97,97,2015-12-07,2015-12-07,20
"40","800014051","Cheshire Home Iii","305 Greenwood Ave","Florham Park","Multifamily",1,84,84,2016-08-17,2016-08-17,20
"41","800014051","Cheshire Home Iii","9 Ridgedale Ave","Florham Park","Multifamily",3,69.6666666666667,69,2014-02-07,2009-06-19,6.66666666666667
"42","800014055","Church Lane Group Home","30 Church Ln","Manalapan","Multifamily",2,94.5,94.5,2018-04-10,2014-09-29,10
"43","800014055","Church Lane Group Home","32 Church Ln","Manalapan","Multifamily",3,88,89,2007-10-05,2002-11-20,6.66666666666667
"44","800014061","Clinton Arms","161 Peshine Ave","Newark","Multifamily",11,71.1818181818182,68,2019-04-08,2001-05-21,1.81818181818182
"45","800014061","Clinton Arms","610 Huntington Ave","Newark","Multifamily",1,88,88,2013-06-20,2013-06-20,20
"46","800014070","Commercial Township Housing","504 James Moore Rd","Port Norris","Multifamily",8,69.25,69.5,2018-08-31,2000-12-26,2.5
"47","800014070","Commercial Township Housing",,"Port Norris","Multifamily",1,81,81,2015-06-23,2015-06-23,20
"48","800014075","Countryside Meadows","205 West Buchanan Avenue","Galloway","Multifamily",2,98,98,2007-09-12,2002-07-18,10
"49","800014075","Countryside Meadows","205 West Buchanan Avenue","Pomona","Multifamily",3,94.3333333333333,97,2020-03-03,2014-01-23,6.66666666666667
"50","800014078","Daughters Of Miriam  I","127 Hazel St","Clifton","Multifamily",6,78.3333333333333,83,2015-04-30,2001-07-26,3.33333333333333
"51","800014078","Senior Housing Of Hazel Street","127 Hazel St","Clifton","Multifamily",1,83,83,2018-09-17,2018-09-17,20
"52","800014084","Daughters Of Miriam  Ii","135 Hazel St","Clifton","Multifamily",3,56.3333333333333,64,2019-12-11,2017-10-23,6.66666666666667
"53","800014084","Daughters Of Miriam  Ii","155 Hazel St","Clifton","Multifamily",4,82.75,85,2007-09-20,2001-07-26,5
"54","800014086","Delsea Village","S Delsea Dirve","Millville","Multifamily",4,79.75,83.5,2019-10-31,2002-07-12,5
"55","800014086","Delsea Village",,"Millville","Multifamily",1,94,94,2016-05-10,2016-05-10,20
"56","800014094","Echo Housing Demonstration Program","350 Marshall St","Phillipsburg","Multifamily",1,69,69,2014-09-11,2014-09-11,20
"57","800014094","Echo Housing Demonstration Program","400 Spring St","Belvidere","Multifamily",2,91.5,91.5,2018-09-10,2015-12-14,10
"58","800014094","Echo Housing Demonstration Program","48 Ridgeway Avenue","Hope","Multifamily",3,95,95,2010-05-13,2003-07-23,6.66666666666667
"59","800014097","Matthew G. Carter Apartments","20 Glen Ridge Ave","Montclair","Multifamily",3,92.6666666666667,93,2008-01-16,2000-12-21,6.66666666666667
"60","800014097","Matthew G. Carter Apartments","20 Glenridge Ave","Montclair","Multifamily",3,87.3333333333333,88,2018-11-01,2013-09-11,6.66666666666667
"61","800014104","Eastview","58 Washington St","Hoboken","Multifamily",4,78.75,78,2008-08-27,2002-09-05,5
"62","800014104","Eastview","62 Washington St","Hoboken","Multifamily",1,100,100,2014-02-20,2014-02-20,20
"63","800014104","Eastview Associates","58 Washington St","Hoboken","Multifamily",1,99,99,2018-11-13,2018-11-13,20
"64","800014105","Eastview Towers","248 Fairview Ave","Fairview","Multifamily",5,71.8,74,2010-09-23,2003-09-22,4
"65","800014105","Eastview Towers","370 Fairview Ave","Fairview","Multifamily",3,91.3333333333333,91,2016-10-25,2013-09-12,6.66666666666667
"66","800014106","Eatontown Senior Citizens  A/K/A The Meadowbrook","55 Wyckoff Rd","Eatontown","Multifamily",1,91,91,2017-08-29,2017-08-29,20
"67","800014106","Eatontown Senior Citizewns  A/K/A The Meadowbrook","55 Wyckoff Rd","Eatontown","Multifamily",4,90,94.5,2014-02-18,2003-07-25,5
"68","800014107","Eatontown Consumer Home","65 Broad St","Eatontown","Multifamily",1,84,84,2018-07-19,2018-07-19,20
"69","800014107","Supportive Housing Of Eatontown","65 Broad St","Eatontown","Multifamily",3,85.6666666666667,86,2015-06-19,2001-06-26,6.66666666666667
"70","800014110","Egg Harbor Twp. C. H.","209 Cordova Avenue","Egg Harbor City","Multifamily",2,80,80,2018-09-13,2000-12-01,10
"71","800014110","Egg Harbor Twp. C. H.",,"Egg Harbor City","Multifamily",1,81,81,2015-06-29,2015-06-29,20
"72","800014115","Elmwood House","444 Elmwood Rd N","Evesham","Multifamily",1,41,41,2017-09-12,2017-09-12,20
"73","800014115","Elmwood House","444 N Elmwood Rd","Evesham","Multifamily",4,94,95,2014-01-15,2001-09-21,5
"74","800014117","Elysian Estates","1300 Washington St","Hoboken","Multifamily",5,90.6,92,2016-10-05,2000-09-19,4
"75","800014117","Elysian Estates","1302 Washington St","Hoboken","Multifamily",1,99,99,2013-08-20,2013-08-20,20
"76","800014121","Essex Plaza Ii","1060 Broad St","Newark","Multifamily",1,85,85,2014-12-04,2014-12-04,20
"77","800014121","Essex Plaza Ii","15-31 Pennington St","Newark","Multifamily",8,75.5,73,2017-12-06,2002-12-24,2.5
"78","800014122","Essex Plaza Iii","1060 Broad St","Newark","Multifamily",1,95,95,2013-11-14,2013-11-14,20
"79","800014122","Essex Plaza Iii","146 Orchard St","Newark","Multifamily",6,84,88.5,2016-05-12,2002-10-11,3.33333333333333
"80","800014122","Essex Plaza Iii","150 Orchard St","Newark","Multifamily",2,79.5,79.5,2019-04-30,2018-08-22,10
"81","800014124","Evesham Gardens","501 Charleston Ter","Lawnside","Multifamily",1,90,90,2013-09-24,2013-09-24,20
"82","800014124","Evesham Gardens","502 Nelson Terrace","Camden","Multifamily",10,78.7,80,2019-08-06,2000-11-03,2
"83","800014127","Fairview Homes","298 18th Avneue","Newark","Multifamily",1,85,85,2013-12-16,2013-12-16,20
"84","800014127","Fairview Homes","86 17th Ave","Newark","Multifamily",8,83,83.5,2018-11-19,2001-11-30,2.5
"85","800014130","Forest Hill House","505 Mount Prospect Ave","Newark","Multifamily",5,86,88,2019-08-16,2002-10-07,4
"86","800014130","Forest Hill House","506 Mount Prospect Ave","Newark","Multifamily",1,96,96,2013-12-09,2013-12-09,20
"87","800014143","Grace Church Van Vorst","270 2nd St","Jersey City","Multifamily",8,82.375,83,2019-08-01,2000-09-15,2.5
"88","800014143","Grace Church Van Vorst","282 2nd St","Jersey City","Multifamily",1,77,77,2014-04-28,2014-04-28,20
"89","800014154","Harrison Arms Apartments","287 S Harrison St","East Orange","Multifamily",4,85.5,86.5,2009-03-13,2001-06-22,5
"90","800014154","Peter Antonellis Towers","287 S Harrison St","East Orange","Multifamily",3,93,96,2018-12-07,2013-09-10,6.66666666666667
"91","800014157","Roebling Arms","1340 Roebling Arms","Roebling","Multifamily",1,96,96,2015-01-21,2015-01-21,20
"92","800014157","Roebling Arms","Hornberger Avenue","Florence Township","Multifamily",4,90.5,93,2010-05-10,2001-09-21,5
"93","800014161","Hamilton Group Home","1330 Cedar Ln","Hamilton","Multifamily",1,99,99,2013-12-19,2013-12-19,20
"94","800014161","Hamilton Group Home","1330 Cedar Ln","Hamilton Township","Multifamily",6,83.1666666666667,87,2018-12-10,2000-12-11,3.33333333333333
"95","800014163","Hamilton Supervised Apartments","196 Route 156","Hamilton Township","Multifamily",6,79.1666666666667,78.5,2018-12-06,2002-09-20,3.33333333333333
"96","800014163","Hamilton Supervised Apartments","196 Route 156","Yardville","Multifamily",1,94,94,2013-12-19,2013-12-19,20
"97","800014167","Harbor City Apts","301 Atlantic Ave","Egg Harbor City","Multifamily",7,75.2857142857143,73,2018-10-11,2000-10-23,2.85714285714286
"98","800014167","Harbor City Apts","Washington & Atlantic Avenues","Egg Harbor City","Multifamily",1,83,83,2013-12-09,2013-12-09,20
"99","800014176","High Street Senior Apartments","315 High St","Perth Amboy","Multifamily",6,85.3333333333333,84,2016-04-25,2000-12-08,3.33333333333333
"100","800014176","Thomas Natchuras Apartments","315 High St","Perth Amboy","Multifamily",1,83,83,2019-08-20,2019-08-20,20
"101","800014190","Ivy Hill Apts","1501 Thorn St","Camden","Multifamily",9,71,76,2018-03-28,2000-09-19,2.22222222222222
"102","800014190","Ivy Hill Apts","1501 Thorne St","Camden","Multifamily",1,42,42,2019-04-17,2019-04-17,20
"103","800014201","Irvington Seniors Apartments","1 Linden Ave","Irvington","Multifamily",2,94.5,94.5,2019-08-26,2015-09-28,10
"104","800014201","Jewish Federation Towers","1 Linden Ave","Irvington","Multifamily",5,80,85,2010-01-28,2001-01-11,4
"105","800014207","Kearny Senior Citizens","21 Spruce (@Hickory) St","Kearny","Multifamily",4,84.5,84.5,2013-12-16,2004-09-23,5
"106","800014207","Spruce Terrace","21 Spruce (@Hickory) St","Kearny","Multifamily",1,74,74,2017-03-19,2017-03-19,20
"107","800014207","Spruce Terrace","21 Spruce St","Kearny","Multifamily",1,84,84,2019-06-18,2019-06-18,20
"108","800014208","Kennedy Blvd Rehab","2540 Kennedy Blvd","Jersey City","Multifamily",6,85.1666666666667,93.5,2017-11-13,2001-12-03,3.33333333333333
"109","800014208","Kennedy Blvd Rehab","2555 J.f. Kennedy Blvd","Jersey City","Multifamily",1,78,78,2013-02-07,2013-02-07,20
"110","800014208","Kennedy Blvd Rehab","2555 John F Kennedy Blvd","Jersey City","Multifamily",1,96,96,2014-04-22,2014-04-22,20
"111","800014210","Keyport Legion Senior Citizens Apartment","50 Beers St","Keyport","Multifamily",4,71.25,71,2008-11-03,2003-07-16,5
"112","800014210","Keyport Leisure Bay Apartments","50 Beers St","Keyport","Multifamily",2,69.5,69.5,2018-10-16,2016-07-18,10
"113","800014212","King Gardens","72 Dubois Ct","Englewood","Multifamily",2,88,88,2018-08-16,2014-01-28,10
"114","800014212","King Gardens","Humphrey & Williams Streets","Englewood","Multifamily",7,76.8571428571429,78,2016-06-06,2000-11-13,2.85714285714286
"115","800014216","Liberty Village","205 Liberty St","Plainfield","Multifamily",1,85,85,2013-09-11,2013-09-11,20
"116","800014216","Liberty Village","Liberty Street & Fourth Street","Plainfield","Multifamily",7,59.8571428571429,50,2018-11-28,2001-07-26,2.85714285714286
"117","800014216","Liberty Village",,"Plainfield","Multifamily",1,86,86,2015-12-03,2015-12-03,20
"118","800014217","Lincoln Park Towers","31 Lincoln Park","Newark","Multifamily",3,79.3333333333333,78,2019-09-11,2013-08-06,6.66666666666667
"119","800014217","Lincoln Park Towers","31-33 Lincoln Park","Newark","Multifamily",3,83,80,2007-12-14,2003-09-03,6.66666666666667
"120","800014230","Livingston Homes","162 Livingston St","Newark","Multifamily",1,88,88,2013-06-05,2013-06-05,20
"121","800014230","Livingston Homes","29 Livingston St","Newark","Multifamily",1,47,47,2019-10-21,2019-10-21,20
"122","800014230","Livingston Homes","7 Livingston St","Newark","Multifamily",7,71.8571428571429,75,2015-07-01,2004-06-28,2.85714285714286
"123","800014246","Madison Apts","485 E 19th St","Paterson","Multifamily",1,86,86,2013-11-21,2013-11-21,20
"124","800014246","Madison Apts","504 Madison Ave","Paterson","Multifamily",9,74.7777777777778,81,2017-12-05,2000-10-06,2.22222222222222
"125","800014252","Margate Terrace Apartments","601 N Fredericksburg Ave. & Marshall","Margate","Multifamily",4,89.75,90.5,2008-09-30,2000-12-14,5
"126","800014252","Margate Terrace Apartments","610 N Fredricksburg Ave","Margate","Multifamily",1,86,86,2019-04-24,2019-04-24,20
"127","800014252","Margate Terrace Apartments",,"Margate City","Multifamily",1,95,95,2015-06-26,2015-06-26,20
"128","800014274","Mount Calvary I","244 Chadwick Ave","Newark","Multifamily",6,73.3333333333333,77,2013-11-15,2001-07-09,3.33333333333333
"129","800014274","Mt. Calvary I","244 Chadwick Ave","Newark","Multifamily",1,93,93,2017-02-25,2017-02-25,20
"130","800014279","Murawski Towers","1551 Dill Ave","Linden","Multifamily",1,80,80,2013-08-23,2013-08-23,20
"131","800014279","Murawski Towers","1599 Dill Ave","Linden","Multifamily",6,83.8333333333333,88,2019-08-21,2002-06-07,3.33333333333333
"132","800014291","Nc Roseville Senior","1 S 8th St","Newark","Multifamily",1,93,93,2019-01-09,2019-01-09,20
"133","800014291","New Community - Roseville","1 S 8th St","Newark","Multifamily",7,72.7142857142857,76,2014-12-12,2001-07-06,2.85714285714286
"134","800014292","N C Douglas","15 Hill St","Newark","Multifamily",1,83,83,2019-03-10,2019-03-10,20
"135","800014292","New Community Douglas Homes","15 Hill St","Newark","Multifamily",8,73.25,78.5,2016-04-29,2001-06-28,2.5
"136","800014294","New Community  Hudson Senior Housing","21-27 Orchard St","Jersey City","Multifamily",8,75.125,74,2014-12-19,2001-01-31,2.5
"137","800014294","New Community Hudson Senior Housing","21-27 Orchard St","Jersey City","Multifamily",1,90,90,2018-01-08,2018-01-08,20
"138","800014296","New Floral Gardens I-A","1102 26th St","North Bergen","Multifamily",1,98,98,2014-04-01,2014-04-01,20
"139","800014296","New Floral Gardens I-A","2502 Cottage Ave","North Bergen","Multifamily",5,83.8,94,2018-10-12,2000-08-30,4
"140","800014297","New Floral Gardens 1-B","1102 26th St","North Bergen","Multifamily",1,98,98,2014-05-12,2014-05-12,20
"141","800014297","New Floral Gardens 1-B","2601 Newkirk Ave","North Bergen","Multifamily",5,86.6,91,2018-10-15,2000-10-12,4
"142","800014305","Nia      A/K/A  Amity Heights","130 Pamphylia Ave","Bridgeton","Multifamily",1,95,95,2014-08-14,2014-08-14,20
"143","800014305","Nia      A/K/A  Amity Heights","Pamphylia Ave","Bridgeton","Multifamily",4,87,87,2018-04-12,2002-07-24,5
"144","800014308","Martin Gerber Apartments","550 Remsen Ave","North Brunswick","Multifamily",2,94.5,94.5,2019-08-05,2016-03-16,10
"145","800014308","North Brunswick Uaw Housing","550 Remsen Ave","North Brunswick","Multifamily",3,84.3333333333333,80,2008-07-02,2003-09-08,6.66666666666667
"146","800014326","Oceanport  Senior Citizens","274 E Main St","Oceanport","Multifamily",1,99,99,2018-11-15,2018-11-15,20
"147","800014326","Oceanport  Senior Citizens Housing","274 E Main St","Oceanport","Multifamily",5,87.2,92,2015-10-13,2000-10-25,4
"148","800014334","Oakwood Plaza Apartments","380 Irvington Ave","Elizabeth","Multifamily",5,75.2,69,2008-06-06,2001-08-03,4
"149","800014334","Oakwood Plaza Apartments Aka Parkers View","450 Irvington Ave","Elizabeth","Multifamily",1,74,74,2019-05-29,2019-05-29,20
"150","800014336","Covenant Manor","623 E Front St","Plainfield","Multifamily",1,92,92,2014-12-10,2014-12-10,20
"151","800014336","Covenant Manor","631 E Front St","Plainfield","Multifamily",4,86,92.5,2018-04-27,2003-06-30,5
"152","800014339","The Gables At West Windsor","996 Alexander Rd","Princeton Junction","Multifamily",1,95,95,2020-03-05,2020-03-05,20
"153","800014339","The Gables At West Windsor","996 Alexander Rd","West Windsor","Multifamily",1,96,96,2014-01-23,2014-01-23,20
"154","800014339","The Gables At West Windsor","Rt 571 & Alexander Rd","Princeton Junction","Multifamily",1,83,83,2017-08-29,2017-08-29,20
"155","800014339","The Gables At West Windsor","Rt 571 & Alexander Rd","West Windsor Township","Multifamily",2,93,93,2007-01-16,2003-07-17,10
"156","800014339","The Gables At West Windsor",,"Princeton Junction","Multifamily",1,96,96,2014-01-24,2014-01-24,20
"157","800014343","220 Prospect Holdings","220 Prospect St","East Orange","Multifamily",2,90.5,90.5,2019-02-01,2016-12-16,10
"158","800014343","The Pavilion","220 Prospect St","East Orange","Multifamily",7,60.1428571428571,62,2009-07-16,2002-07-17,2.85714285714286
"159","800014348","Lehmann Gardens","12 Sulak Ln","Park Ridge","Multifamily",2,94.5,94.5,2017-12-12,2014-11-25,10
"160","800014348","Lehmann Gardens/A.k.a. Woodland Gardens","12 Sulak Ln","Park Ridge","Multifamily",3,98.6666666666667,99,2008-08-28,2002-09-10,6.66666666666667
"161","800014350","Park View East","4300 Park Ave","Union City","Multifamily",1,70,70,2013-07-12,2013-07-12,20
"162","800014350","Park View East","4300 Park Ave","Weehawken","Multifamily",1,99,99,2014-09-10,2014-09-10,20
"163","800014350","Park View East","4300 Park Ave","Weehawken Township","Multifamily",4,89,88,2018-04-18,2002-10-08,5
"164","800014355","Paulsboro Gardens","70 Baird Avenue","Paulsboro","Multifamily",1,84,84,2018-11-05,2018-11-05,20
"165","800014355","Paulsboro Gardens","70 E Broad St","Paulsboro","Multifamily",4,91.5,94.5,2008-11-21,2000-10-31,5
"166","800014355","Paulsboro Gardens",,"Paulsboro","Multifamily",1,96,96,2015-06-16,2015-06-16,20
"167","800014359","Pennsgrove Gardens","1 Helms Cove Ln","Penns Grove","Multifamily",2,93,93,2018-08-22,2015-09-17,10
"168","800014359","Pennsgrove Gardens","South Broad St. & Maple Ave,","Penns Grove","Multifamily",5,82.4,84,2010-06-03,2000-10-31,4
"169","800014361","Penny Point Park","3115 Hingston Ave","Pleasantville","Multifamily",4,94,95,2018-12-04,2002-07-03,5
"170","800014361","Penny Point Park",,"Pleasantville","Multifamily",1,98,98,2015-05-21,2015-05-21,20
"171","800014363","Philadelphia Village","1000 Cincinnati Ave","Egg Harbor City","Multifamily",1,95,95,2013-10-24,2013-10-24,20
"172","800014363","Philadelphia Village","Buffalo & Fitch Avenue","Egg Harbor","Multifamily",5,77.6,76,2009-07-20,2002-05-20,4
"173","800014363","Philadelphia Village","Buffalo & Fitch Avenue","Egg Harbor City","Multifamily",1,91,91,2017-05-26,2017-05-26,20
"174","800014380","Proiject Live V Consumer Home","43 Pierson Rd","Maplewood","Multifamily",1,100,100,2001-10-26,2001-10-26,20
"175","800014380","Project Live V Consumer Home","43 Pierson Rd","Maplewood","Multifamily",1,87,87,2016-12-02,2016-12-02,20
"176","800014380","Project Live V Consumer Home","43 S Pierson Rd","Maplewood","Multifamily",1,87,87,2014-10-10,2014-10-10,20
"177","800014383","Project Uplift","800 Willow Ave","Hoboken","Multifamily",7,82.7142857142857,86,2018-11-26,2001-06-06,2.85714285714286
"178","800014383","Project Uplift","804 Willow Ave","Hoboken","Multifamily",1,96,96,2013-08-21,2013-08-21,20
"179","800014386","Brick Residence","70 Dey St","Paterson","Multifamily",7,79.5714285714286,80,2018-01-12,2001-07-20,2.85714285714286
"180","800014386","Maurice J. Brick Residence","70 Dey St","Paterson","Multifamily",1,54,54,2019-05-28,2019-05-28,20
"181","800014386","Riese Madison Park","70 Dey St","Paterson","Multifamily",1,71,71,2015-07-20,2015-07-20,20
"182","800014387","Rivervale Apartments","81 Rivervale Rd","River Vale","Multifamily",3,74.3333333333333,74,2018-09-26,2015-09-01,6.66666666666667
"183","800014387","Rivervale Apartments","81 Rivervale Rd","Rivervale","Multifamily",4,82,83.5,2014-10-06,2002-10-16,5
"184","800014398","Residential Resources","755 Cedar Bridge Ave","Lakewood","Multifamily",4,97.5,98,2013-12-31,2001-09-14,5
"185","800014398","Residential Resources","755 Cedarbridge Ave","Lakewood","Multifamily",2,83.5,83.5,2019-05-24,2017-11-03,10
"186","800014399","Revere Run","418 W Loch Lomond Dr","Sicklerville","Multifamily",1,84,84,2014-10-15,2014-10-15,20
"187","800014399","Revere Run","430 Loch Lomond Dr","Sicklerville","Multifamily",6,67.5,66,2011-04-18,2002-08-20,3.33333333333333
"188","800014399","Revere Run","430 W Loch Lomond Dr","Sicklerville","Multifamily",2,84.5,84.5,2018-08-31,2017-02-27,10
"189","800014403","Ridgecrest","7 Ridge Rd","Ridgewood","Multifamily",4,94.5,95,2018-04-20,2000-11-22,5
"190","800014403","Ridgecrest","9 Ridge Rd","Ridgewood","Multifamily",1,99,99,2014-08-19,2014-08-19,20
"191","800014407","Riverview Towers I","105 Presidential Blvd","Paterson","Multifamily",1,94,94,2013-09-25,2013-09-25,20
"192","800014407","Riverview Towers I","150 Presidential Blvd","Paterson","Multifamily",9,69.4444444444444,70,2019-02-11,2001-06-26,2.22222222222222
"193","800014410","River Run Apartments","100 Roosevelt Ave","Carteret","Multifamily",1,92,92,2014-11-24,2014-11-24,20
"194","800014410","River Run Apartments","Roosevelt & Union Avenues","Carteret","Multifamily",5,87.6,87,2018-12-12,2001-09-25,4
"195","800014417","Sencit Liberty(Disston/Liberty/Schoolhouse Apts)","61 N. Martin Luther King Blvd.","Atlantic City","Multifamily",7,47.4285714285714,47,2016-10-12,2001-05-24,2.85714285714286
"196","800014417","Sencit Liberty(Disston/Liberty/Schoolhouse Apts)",,"Atlantic City","Multifamily",1,74,74,2015-05-28,2015-05-28,20
"197","800014425","Sergentsville Group Home","548 Rosemont-Ringoes Rd","Delaware Township","Multifamily",4,84.25,82,2007-09-21,2001-09-18,5
"198","800014425","Sergentsville Group Home","548 Rosemont-Ringoes Rd","Sergeantsville","Multifamily",3,81,85,2019-08-15,2015-01-14,6.66666666666667
"199","800014428","Shrewsbury","929 Broad St","Shrewsbury","Multifamily",1,99,99,2014-10-01,2014-10-01,20
"200","800014428","Shrewsbury","935 Broad St","Shrewsbury","Multifamily",4,90,94,2017-11-14,2002-11-20,5
"201","800014430","Somers Point Consumer Home","410 Shore Rd","Somers Point","Multifamily",1,80,80,2001-01-26,2001-01-26,20
"202","800014430","Ventnor Consumer Home","410 Shore Rd","Somers Point","Multifamily",3,57.3333333333333,51,2018-09-13,2015-01-30,6.66666666666667
"203","800014431","Somers Point Village I","26 Mays Landing Rd","Somers Point","Multifamily",5,84.8,87,2016-09-12,2003-08-04,4
"204","800014431","Somers Point Village I","50 Mays Landing Rd","Somers Point","Multifamily",1,94,94,2013-07-16,2013-07-16,20
"205","800014432","Somers Point Village Ii","26 Mays Landing Rd","Somers Point","Multifamily",5,87.2,86,2016-09-13,2000-11-06,4
"206","800014432","Somers Point Village Ii","50 Mays Landing Rd","Somers Point","Multifamily",1,98,98,2013-07-18,2013-07-18,20
"207","800014447","Spruce Park Apartments","27-29,39-47,36-60,55-57,59-61","Newark","Multifamily",6,79.6666666666667,79,2018-11-28,2002-09-19,3.33333333333333
"208","800014447","Spruce Park Apartments","55 Spruce St","Newark","Multifamily",1,78,78,2014-08-20,2014-08-20,20
"209","800014447","Spruce Park Apartments",,"Newark","Multifamily",1,92,92,2015-09-30,2015-09-30,20
"210","800014449","St Mary's Villa","425 Sanford Ave","Newark","Multifamily",4,77.5,78,2008-06-10,2002-08-27,5
"211","800014449","St. Mary's Villa","425 Sanford Ave","Newark","Multifamily",4,71,73.5,2019-10-01,2013-09-20,5
"212","800014454","Tinton Woods","1086 Maxim Southard Rd","Howell","Multifamily",1,87,87,2019-05-09,2019-05-09,20
"213","800014454","Tinton Woods","1086 Maxin Southard Road & 60 Hilltop Road","Howell Township","Multifamily",3,89.6666666666667,89,2007-10-09,2002-09-11,6.66666666666667
"214","800014454","Tinton Woods","1086 Maxin Southard Road & 60 Hilltop Road","Jersey City","Multifamily",1,75,75,2014-01-15,2014-01-15,20
"215","800014454","Tinton Woods",,"Jersey City","Multifamily",1,91,91,2015-07-16,2015-07-16,20
"216","800014474","Unico Towers","500 Manila Ave","Jersey City","Multifamily",1,88,88,2018-10-15,2018-10-15,20
"217","800014474","Unico Towers / Aka/ Grove Street","500 Manila Ave","Jersey City","Multifamily",3,95.3333333333333,95,2008-01-18,2000-12-22,6.66666666666667
"218","800014475","Schaefer Gardens","35 Sumner Ave","Union","Multifamily",1,98,98,2016-09-15,2016-09-15,20
"219","800014475","Schaefer Gardens","35 W Sumner Ave","Union","Multifamily",5,87,86,2013-09-13,2002-07-12,4
"220","800014478","Villa Borinquen","192 3rd St","Jersey City","Multifamily",1,91,91,2014-02-03,2014-02-03,20
"221","800014478","Villa Borinquen","398 Manila Ave","Jersey City","Multifamily",6,77.6666666666667,82,2017-10-25,2000-12-19,3.33333333333333
"222","800014485","Village Aparments Of Cherry Hill","212 Lourdes Ct","Cherry Hill","Multifamily",2,97.5,97.5,2017-08-10,2014-05-01,10
"223","800014485","Village Aparments Of Cherry Hill","212 Village Of Saint Mary","Cherry Hill","Multifamily",3,81.6666666666667,87,2007-11-02,2002-09-09,6.66666666666667
"224","800014486","Vineland Gardens","6th & Catherin Streets","Vineland","Multifamily",3,91.3333333333333,92,2007-11-20,2001-10-03,6.66666666666667
"225","800014486","Vineland Gardens",,"Vineland","Multifamily",1,94,94,2016-04-13,2016-04-13,20
"226","800014491","John P. Renna House","10 Gaston St","West Orange","Multifamily",1,81,81,2014-02-04,2014-02-04,20
"227","800014491","West Orange Senior Citizens Housing","10 Gaston St","West Orange","Multifamily",3,81.6666666666667,87,2007-11-05,2003-09-05,6.66666666666667
"228","800014510","Westmoor Gardens","111 West St","Englewood","Multifamily",1,90,90,2013-08-19,2013-08-19,20
"229","800014510","Westmoor Gardens","4 Slocum Ave","Englewood","Multifamily",8,70.5,75,2017-07-13,2001-12-04,2.5
"230","800014511","Westview Associates","111 Newark St","Hoboken","Multifamily",3,83,90,2010-05-24,2002-10-08,6.66666666666667
"231","800014511","Westview Associates","55 Bloomfield St","Hoboken","Multifamily",2,89.5,89.5,2016-09-28,2014-08-15,10
"232","800024048","Lakewood Plaza Ii","154 A Dr. M. L. King Drive","Lakewood","Multifamily",2,86,86,2019-07-29,2014-11-13,10
"233","800024048","Lakewood Plaza Ii",,"Lakewood","Multifamily",1,93,93,2016-02-22,2016-02-22,20
"234","800031258","Harmony House","714 Syracuse Street","Camden","Multifamily",1,92,92,2014-07-25,2014-07-25,20
"235","800031258","Harmony House","S. 7th St., Syracuse St.","Camden","Multifamily",1,89,89,2018-05-07,2018-05-07,20
"236","800031260","All American Gardens","1939 Phillips St","Camden","Multifamily",1,92,92,2014-10-30,2014-10-30,20
"237","800031260","All American Gardens","813 Chelton Ave","Camden","Multifamily",2,72,72,2019-08-12,2018-04-05,10
"238","800057930","Independence Manor At Hunterdon","1 Leisure Ct","Flemington","Multifamily",3,80.3333333333333,79,2020-02-26,2018-01-08,6.66666666666667
"239","800057930","Independence Manor At Hunterdon","188 Hwy 31","Flemington","Multifamily",1,65,65,2013-03-26,2013-03-26,20
"240","800057930","Independence Manor At Hunterdon","188 Route 31","Flemington","Multifamily",1,88,88,2014-05-21,2014-05-21,20
"241","800057973","Presbyterian Home@Franklin Twp","26b Cedar Grove Lane","Franklin Township","Multifamily",1,99,99,2018-09-27,2018-09-27,20
"242","800057973","Presbyterian Home@Franklin Twp",,"Somerset","Multifamily",1,95,95,2015-02-09,2015-02-09,20
"243","800058153","Ringwood Independent Living","210 Rivervale Rd","River Vale","Multifamily",1,73,73,2016-04-07,2016-04-07,20
"244","800058153","Ringwood Independent Living","210 Rivervale Rd","Rivervale","Multifamily",1,84,84,2014-01-15,2014-01-15,20
"245","800058153","Spectrum Ringwood Apartments, Inc.","20 Morris Rd","Ringwood","Multifamily",2,80,80,2020-02-27,2018-09-12,10
"246","800058176","Newman Springs","11 William St","Tinton Falls","Multifamily",1,87,87,2015-06-19,2015-06-19,20
"247","800058176","Newman Springs","11 Williams Rd","Tinton Falls","Multifamily",1,99,99,2018-07-18,2018-07-18,20
"248","800059355","Wheaton Pointe","20 Lanning Blvd","East Windsor","Multifamily",1,57,57,2017-08-23,2017-08-23,20
"249","800059355","Wheaton Pointe","Lanning Boulevard","Hightstown","Multifamily",1,98,98,2014-01-21,2014-01-21,20
"250","800059359","Pennsauken Lutheran Housing","5610 S Crescent Blvd","Pennsauken","Multifamily",1,85,85,2020-03-12,2020-03-12,20
"251","800059359","Pennsauken Senior Hsg","5610 S Crescent Blvd","Pennsauken","Multifamily",1,86,86,2015-03-03,2015-03-03,20
"252","800059367","B'nai B'rith Chesilhurst","227 White Horse Pike","Chesilhurst","Multifamily",2,77,77,2018-05-14,2016-07-25,10
"253","800059367","B'nai B'rith Chesilhurt","124 White Horse Pike","Chesilhurst","Multifamily",1,85,85,2014-01-13,2014-01-13,20
"254","800059401","Voorhees House","204 Homer Ave","Voorhees Township","Multifamily",1,92,92,2016-03-14,2016-03-14,20
"255","800059401","Voorhees House And Mount Ephraim House","204 Homer Ave","Voorhees Township","Multifamily",1,95,95,2019-08-13,2019-08-13,20
"256","800059448","Disabilities Resource","1449 Dehirsch Ave","Woodbine","Multifamily",1,90,90,2013-11-18,2013-11-18,20
"257","800059448","Disabilities Resource","Airport Rd","Woodbine","Multifamily",1,92,92,2016-12-13,2016-12-13,20
"258","800112421","Bridgewater Consumer Home","22 King Arthurs Ct","Bridgewater","Multifamily",1,90,90,2016-03-10,2016-03-10,20
"259","800112421","Bridgewater Consumer Home","416 Route 28","Bridgewater","Multifamily",1,88,88,2019-07-19,2019-07-19,20
"260","800112422","Msa Evesham Ilf","304 Elmwood Rd N","Evesham","Multifamily",1,94,94,2017-08-22,2017-08-22,20
"261","800112422","Msa Evesham Ilf","304 N Elmwood Rd","Marlton","Multifamily",1,97,97,2014-01-14,2014-01-14,20
"262","800112424","Atlantic County Independent Living Complex","86 Orchard Rd","Egg Harbor Township","Multifamily",3,64.6666666666667,65,2019-09-19,2016-08-15,6.66666666666667
"263","800112424","Atlantic County Independent Living Complex","86 Orchard Road","Pleasantville","Multifamily",1,89,89,2014-01-23,2014-01-23,20
"264","800211641","Advance Supportive Housing Pro","100 Hollister Rd","Teterboro","Multifamily",1,86,86,2014-11-14,2014-11-14,20
"265","800211641","Advance Supportive Housing Pro","75 Union St Apt 4a","Hackensack","Multifamily",2,68.5,68.5,2018-10-24,2017-01-12,10
"266","800212307","The Atrium At Hamilton Park","330 9th St","Jersey City","Multifamily",2,61.5,61.5,2019-08-20,2014-04-02,10
"267","800212307","The Atrium At Hamilton Park","350 9th St","Jersey City","Multifamily",1,80,80,2015-05-19,2015-05-19,20
"268","800213193","Hunterdon Consumer Home","18 Kline Boulevard","Readington Township","Multifamily",1,93,93,2019-03-26,2019-03-26,20
"269","800213193","Hunterdon Consumer Home",,"Readington","Multifamily",1,84,84,2016-01-27,2016-01-27,20
"270","800213223","Independence I Consumer Home","4303 Bridgeboro Road","Delran","Multifamily",1,77,77,2018-08-08,2018-08-08,20
"271","800213223","Independence I Consumer Home","4303 Bridgeboro Road","Riverside","Multifamily",2,68.5,68.5,2016-12-05,2015-01-06,10
"272","800213243","B'nai B'rith Elmwood House Ii","444 Elmwood Rd N","Marlton","Multifamily",1,46,46,2017-09-12,2017-09-12,20
"273","800213243","B'nai B'rith Elmwood House Ii","444 N Elmwood Rd","Marlton","Multifamily",1,97,97,2014-01-15,2014-01-15,20
"274","800214991","West Deptford Senior Housing","981 Grove Rd","West Deptford","Multifamily",1,81,81,2015-01-08,2015-01-08,20
"275","800214991","West Deptford Senior Housing","Grove Road","Thorofare","Multifamily",2,89,89,2020-03-13,2017-08-21,10
"276","800215015","Jefferson Chase","5782 Berkshire Valley Rd","Jefferson Township","Multifamily",2,83.5,83.5,2018-10-22,2017-01-30,10
"277","800215015","Jefferson Chase","5782 Berkshire Valley Rd","Oak Ridge","Multifamily",1,89,89,2014-12-19,2014-12-19,20
"278","800215034","Union County Supported Living","482 Booth Ct","Rahway","Multifamily",1,54,54,2014-09-09,2014-09-09,20
"279","800215034","Union County Supported Living","682 Booth Court","Rahway","Multifamily",1,71,71,2018-09-14,2018-09-14,20
"280","800215034","Union County Supported Living",,"Rahway","Multifamily",1,88,88,2015-04-14,2015-04-14,20
"281","800215062","Cape Housing I","17 W Shell Bay Ave","Cape May Court House","Multifamily",1,99,99,2018-08-16,2018-08-16,20
"282","800215062","Cape Housing I","46 Heron Way","North Cape May","Multifamily",1,98,98,2015-02-04,2015-02-04,20
"283","800217151","Amity Village #7","410,474-76, 519, 534-36,","Newark","Multifamily",2,70.5,70.5,2019-08-26,2018-03-16,10
"284","800217151","Amity Village #7",,"Newark","Multifamily",1,82,82,2015-10-30,2015-10-30,20
"285","800217526","Clare Court","201 Crosswicks St","Bordentown","Multifamily",1,80,80,2017-10-25,2017-10-25,20
"286","800217526","The Monastery","201 Crosswicks St","Bordentown","Multifamily",2,73,73,2015-09-01,2014-04-02,10
"287","800217551","Lafayette Village","107 Manning Ave","Jersey City","Multifamily",2,90.5,90.5,2018-09-12,2015-07-15,10
"288","800217551","Lafayette Village","579 Grand St","Jersey City","Multifamily",1,88,88,2013-01-24,2013-01-24,20
"289","800217552","Assisted Living At Howell","Route 9","Howell","Multifamily",2,53.5,53.5,2018-04-26,2014-01-13,10
"290","800217552","Assisted Living At Howell",,"Howell","Multifamily",1,35,35,2015-08-26,2015-08-26,20
"291","800219744","Elm Court Ii","300 Elm Rd","Princeton","Multifamily",1,86,86,2015-10-20,2015-10-20,20
"292","800219744","Elm Court Ii","310 Elm Rd","Princeton","Multifamily",1,83,83,2018-02-08,2018-02-08,20
"293","800221656","Haven House At St. John Of God Senior Housing","680 Town Bank Rd","North Cape May","Multifamily",1,87,87,2019-08-22,2019-08-22,20
"294","800221656","St. John Of God Senior Housing","680 Town Bank Rd","North Cape May","Multifamily",1,99,99,2016-02-08,2016-02-08,20
"295","800224006","Community Options Eleanor","74 Scenic Drive","Howell","Multifamily",1,94,94,2018-02-05,2018-02-05,20
"296","800224006","Community Options Eleanor",,"Howell","Multifamily",1,77,77,2015-05-29,2015-05-29,20
"297","800224007","Jsdd Supportive Living Ii","18 Jeffrie Trl","Whippany","Multifamily",2,66,66,2019-11-15,2018-06-07,10
"298","800224007","Jsdd Supportive Living Ii","901 Route 10","Whippany","Multifamily",2,67.5,67.5,2016-09-20,2015-06-22,10
"299","800225125","Caringhomes 2007 - Atlantic Co","5905 Buttercup Ln","Mays Landing","Multifamily",2,91,91,2020-01-16,2016-10-20,10
"300","800225125","Caringhomes 2007 - Atlantic Co",,"Egg Harbor Township","Multifamily",1,78,78,2015-06-29,2015-06-29,20
"301","800225131","Atlantic County Homes, Inc.","527 S 10th Ave","Galloway","Multifamily",1,91,91,2020-01-21,2020-01-21,20
"302","800225131","Baltimore Supportive Housing Project","737 12th St","Hammonton","Multifamily",1,93,93,2015-05-28,2015-05-28,20
"303","800225970","Cpnj Livingston Residence","652 S Orange Ave","Livingston","Multifamily",1,93,93,2016-01-19,2016-01-19,20
"304","800225970","Cpnj Livingston Residence","670 S Orange Ave","Livingston","Multifamily",1,75,75,2019-05-31,2019-05-31,20
"305","800225981","Caringhomes 2008 - Atlantic City","610 Seminole Ave","Absecon","Multifamily",1,84,84,2015-06-23,2015-06-23,20
"306","800225981","Caringhomes 2008 - Atlantic County","610 Seminole Ave","Absecon","Multifamily",1,84,84,2018-08-03,2018-08-03,20
"307","800232178","Advance Housing 2009","10 State Highway Route 94","Lafayette","Multifamily",1,59,59,2019-05-30,2019-05-30,20
"308","800232178","Advance Housing 2009",,"Lafayette","Multifamily",1,90,90,2016-01-28,2016-01-28,20
"309","800240064","Excel On The Hudson","5701 Kennedy Blvd E","West New York","Multifamily",1,71,71,2019-04-29,2019-04-29,20
"310","800240064","Overlook Terrace North","5701 Kennedy Blvd E","West New York","Multifamily",1,88,88,2016-09-09,2016-09-09,20
"311","NJ002002006","Stephen Crane","22 Magnolia Ln S","Newark","Public Housing",2,69.5,69.5,2010-03-25,2009-04-24,10
"312","NJ002002006","Stephen Crane","22 S Magnolia Ln","Newark","Public Housing",2,83,83,2019-03-05,2015-12-29,10
"313","NJ002002014","Bradley Court","88 N Munn Ave","Newark","Public Housing",1,42,42,2009-06-08,2009-06-08,20
"314","NJ002002014","Bradley Court","90 N Munn Ave","Newark","Public Housing",3,50,52,2019-02-01,2015-12-17,6.66666666666667
"315","NJ002002016","Baxter-Crane","60 Cedar Ln","Newark","Public Housing",3,79.6666666666667,80,2018-07-26,2016-02-19,6.66666666666667
"316","NJ002002016","Baxter-Crane","900 Franklin Ave","Newark","Public Housing",2,82,82,2010-03-15,2009-09-03,10
"317","NJ002002017","Kretchmer-Boyden","31 Van Vechten St","Newark","Public Housing",4,64.75,69,2020-02-25,2016-02-26,5
"318","NJ002002017","Kretchmer-Boyden","991 Frelinghuysen Ave","Newark","Public Housing",2,54,54,2010-06-30,2009-06-11,10
"319","NJ002002022","Kretchmer-Boyden-E","120 Dayton St","Newark","Public Housing",2,75.5,75.5,2020-02-18,2018-04-23,10
"320","NJ002002022","Kretchmer-Boyden-E","130 Dayton St","Newark","Public Housing",1,83,83,2016-02-03,2016-02-03,20
"321","NJ002002080","Montgomery Height-I","671 M L King Blvd","Newark","Public Housing",1,,,,,20
"322","NJ002002080","Montgomery Height-I","671 M L King Blvd Ste 1","Newark","Public Housing",3,82.3333333333333,81,2020-03-02,2015-12-02,6.66666666666667
"323","NJ002003004","Betty Shabazz Village","192 Court St","Newark","Public Housing",2,70,70,2010-04-21,2009-08-27,10
"324","NJ002003004","Betty Shabazz Village","202b Court St","Newark","Public Housing",4,49.25,46,2020-02-19,2016-06-23,5
"325","NJ002003006","Newark H A","157 Chadwick Ave","Newark","Public Housing",2,81.5,81.5,2010-03-19,2009-05-06,10
"326","NJ002003006","Newark H A","187a Chadwick Ave","Newark","Public Housing",2,59.5,59.5,2019-03-26,2017-09-26,10
"327","NJ002003006","Newark H A",,"Newark","Public Housing",1,62,62,2016-06-13,2016-06-13,20
"328","NJ003000001","Mravlag Manor","688 Maple Ave","Elizabeth","Public Housing",1,80,80,2013-07-10,2013-07-10,20
"329","NJ003000001","Mravlag Manor","Mravlag Manor Apt 40a","Elizabeth","Public Housing",2,69,69,2017-09-05,2009-10-30,10
"330","NJ003000001","Mravlag Manor",,"Elizabeth","Public Housing",1,88,88,2015-07-20,2015-07-20,20
"331","NJ003000002","J Wm Farley Tws","33 Cherry St","Elizabeth","Public Housing",1,81,81,2013-07-09,2013-07-09,20
"332","NJ003000002","J Wm Farley Tws","33 Cherry St Apt G1","Elizabeth","Public Housing",3,88.3333333333333,87,2018-08-01,2009-11-13,6.66666666666667
"333","NJ003000003","Ford Leonard Tws","69 Division St","Elizabeth","Public Housing",2,84,84,2014-08-22,2013-07-08,10
"334","NJ003000003","Ford Leonard Tws","69 Division St Apt 101","Elizabeth","Public Housing",2,96.5,96.5,2017-11-08,2009-12-03,10
"335","NJ003000004","O`Donnell-Dempsey","632 Salem Ave","Elizabeth","Public Housing",1,96,96,2014-09-19,2014-09-19,20
"336","NJ003000004","O`Donnell-Dempsey Twrs","632 Salem Ave Apt 101","Elizabeth","Public Housing",2,94,94,2017-11-14,2009-11-24,10
"337","NJ003000005","Westport Homes","10 Hope Ln","Elizabeth","Public Housing",1,96,96,2015-10-07,2015-10-07,20
"338","NJ003000005","Westport Homes","Portside Commons","Elizabeth","Public Housing",2,82,82,2018-10-30,2009-11-10,10
"339","NJ003000005","Westport Homes","Portside Commons","Elizabethport","Public Housing",1,94,94,2019-08-13,2019-08-13,20
"340","NJ003000008","Waters Edge Homes","10 Hope Ln","Elizabeth","Public Housing",1,89,89,2018-09-20,2018-09-20,20
"341","NJ003000008","Waters Edge Homes","212a Front St","Elizabeth","Public Housing",1,95,95,2015-09-24,2015-09-24,20
"342","NJ004000001","Meadow View","5801 Meadowview Ave","North Bergen","Public Housing",4,87.25,86.5,2018-09-07,2008-10-07,5
"343","NJ004000001","Meadow View","5828 Meadowview Ave","North Bergen","Public Housing",1,87,87,2013-08-09,2013-08-09,20
"344","NJ004000002","Lawler Tws","6121 Grand Ave","North Bergen","Public Housing",2,82,82,2014-07-24,2013-08-08,10
"345","NJ004000002","Lawler Tws","6131 Grand Ave","North Bergen","Public Housing",4,81.5,84,2018-09-17,2008-10-09,5
"346","NJ005000001","Prospect Village","110 Prospect Vlg","Trenton","Public Housing",1,93,93,2013-04-11,2013-04-11,20
"347","NJ005000001","Prospect Village","193 Old Rose St","Trenton","Public Housing",3,68.6666666666667,65,2019-04-11,2010-03-15,6.66666666666667
"348","NJ005000002","Wilson Hms","101 Coolidge Ave","Trenton","Public Housing",3,69.6666666666667,61,2019-02-14,2010-05-03,6.66666666666667
"349","NJ005000002","Wilson Hms","5 Eisenhower Ave","Trenton","Public Housing",2,78,78,2014-04-14,2013-04-10,10
"350","NJ005000003","Donnelly Homes","826 Southard St","Trenton","Public Housing",2,93,93,2015-04-27,2010-02-09,10
"351","NJ005000003","Donnelly Homes","875 New  Willow St","Trenton","Public Housing",1,58,58,2014-04-30,2014-04-30,20
"352","NJ006000001","William A. Dunlap","881 Amboy Ave","Perth Amboy","Public Housing",1,82,82,2014-05-27,2014-05-27,20
"353","NJ006000001","William A. Dunlap Homes","608 Zambory St","Perth Amboy","Public Housing",2,84,84,2015-06-10,2010-04-06,10
"354","NJ006000013","The Parkview","618 New Brunswick Ave","Perth Amboy","Public Housing",1,94,94,2014-04-23,2014-04-23,20
"355","NJ006000013","The Parkview","618 New Brunswick Ave Apt 312","Perth Amboy","Public Housing",2,71.5,71.5,2020-02-25,2017-03-20,10
"356","NJ006004005","Wesley T.  Hansen","415 Fayette St","Perth Amboy","Public Housing",1,73,73,2014-04-21,2014-04-21,20
"357","NJ006004005","Wesley T.  Hansen Apts.","415 Fayette St Apt 10a","Perth Amboy","Public Housing",2,88.5,88.5,2015-05-21,2010-04-02,10
"358","NJ007000001","Asbury Park Villag","2 Austin St","Tinton Falls","Public Housing",1,80,80,2013-07-02,2013-07-02,20
"359","NJ007000001","Asbury Park Village","2 Austin St","Tinton Falls","Public Housing",6,65.1666666666667,67.5,2019-07-01,2009-05-21,3.33333333333333
"360","NJ007000002","Washington Village","1259 Washington Ave","Asbury Park","Public Housing",1,85,85,2013-07-09,2013-07-09,20
"361","NJ007000002","Washington Village","1259 Washington Ave Apt 2","Asbury Park","Public Housing",6,77.3333333333333,78.5,2019-07-08,2009-05-21,3.33333333333333
"362","NJ007000003","Bostonway Village","1000 1/2 3rd Ave","Asbury Park","Public Housing",1,40,40,2013-08-22,2013-08-22,20
"363","NJ007000003","Bostonway Village","Bostonway St Bldg 1-Apt 18","Asbury Park","Public Housing",2,36.5,36.5,2010-04-20,2009-05-21,10
"364","NJ007000004","Lincoln Village","1000 1/2 3rd Ave","Asbury Park","Public Housing",2,79.5,79.5,2014-06-20,2013-07-17,10
"365","NJ007000004","Lincoln Village","Bldg 2, Apt 121-Langford St","Asbury Park","Public Housing",5,54.6,53,2019-07-09,2009-05-28,4
"366","NJ007000004","Lincoln Village",,"Asbury Park","Public Housing",1,32,32,2016-05-23,2016-05-23,20
"367","NJ007000006","Charles Lumley Hom","1000 1/2 3rd Ave","Asbury Park","Public Housing",2,79.5,79.5,2014-06-03,2013-08-29,10
"368","NJ007000006","Charles Lumley Homes","1004 Comstock St","Asbury Park","Public Housing",5,60,61,2019-07-18,2009-05-21,4
"369","NJ007000007","Dr E A Robinson To","1000 3rd Ave","Asbury Park","Public Housing",2,68.5,68.5,2014-05-21,2013-08-21,10
"370","NJ007000007","Dr E A Robinson Towers","1000 3rd Ave","Asbury Park","Public Housing",5,73.8,77,2018-08-03,2009-04-24,4
"371","NJ008000006","Hobart Manor","1 Hobart Mnr","Long Branch","Public Housing",5,85.6,88,2019-09-25,2008-11-18,4
"372","NJ008000006","Hobart Manor","2 Hope Ln","Long Branch","Public Housing",1,89,89,2014-08-01,2014-08-01,20
"373","NJ008000011","Seaview Manor","131 Central Ave","Long Branch","Public Housing",1,80,80,2014-07-31,2014-07-31,20
"374","NJ008000011","Seaview Manor","3 Ellis Ave","Long Branch","Public Housing",3,82,85,2019-09-23,2016-06-16,6.66666666666667
"375","NJ008000011","Seaview Manor","3 Ellis Ave Unit 1","Long Branch","Public Housing",2,83.5,83.5,2010-06-29,2008-11-24,10
"376","NJ008000012","President Estates","160 Central Ave","Long Branch","Public Housing",1,67,67,2014-07-30,2014-07-30,20
"377","NJ008000012","President Estates","6 Sydney Way","Long Branch","Public Housing",3,90.6666666666667,94,2019-08-29,2015-09-14,6.66666666666667
"378","NJ008000012","President Estates","6 Sydney Way Unit 2","Long Branch","Public Housing",2,93,93,2010-06-22,2008-11-26,10
"379","NJ008000013","Garfield Court  Ph","1 University Dr","Long Branch","Public Housing",1,83,83,2014-07-29,2014-07-29,20
"380","NJ008000013","Garfield Court  Phase I","1 University Dr","Long Branch","Public Housing",5,87.8,89,2019-08-28,2009-07-21,4
"381","NJ008000014","Garfield Court Pha","231 Wilbur Ray Ave","Long Branch","Public Housing",1,84,84,2014-08-04,2014-08-04,20
"382","NJ008000014","Garfield Court Phase Ii","31 Hope Ln","Long Branch","Public Housing",3,,,,,6.66666666666667
"383","NJ008000017","Woodrow Wilson Homes I","Wardell Street","Long Branch","Public Housing",1,96,96,2017-11-17,2017-11-17,20
"384","NJ008000017","Woodrow Wilson Homes I",,"Long Branch","Public Housing",1,86,86,2015-07-21,2015-07-21,20
"385","NJ008000018","Woodrow Wilson Homes Ii","Rivera Lane","Long Branch","Public Housing",1,98,98,2017-10-03,2017-10-03,20
"386","NJ008000018","Woodrow Wilson Homes Ii",,"Long Branch","Public Housing",1,90,90,2015-07-21,2015-07-21,20
"387","NJ008000019","Woodrow Wilson Homes Iii","Garrett Drive","Long Branch","Public Housing",1,92,92,2017-11-17,2017-11-17,20
"388","NJ008000019","Woodrow Wilson Homes Iii",,"Long Branch","Public Housing",1,91,91,2016-06-06,2016-06-06,20
"389","NJ009000002","Marion Grdns","57 Dales Ave","Jersey City","Public Housing",5,66.4,70,2019-06-24,2014-07-03,4
"390","NJ009000002","Marion Grdns","61 Dales Ave","Jersey City","Public Housing",1,37,37,2009-05-07,2009-05-07,20
"391","NJ009000003","Booker T Washingto","200 Colden St","Jersey City","Public Housing",1,76,76,2014-06-27,2014-06-27,20
"392","NJ009000003","Booker T Washington Apts","90 Fremont St","Jersey City","Public Housing",4,78,76,2020-03-05,2009-04-08,5
"393","NJ009000004","Hudson Grdns","27 Palisade Ave","Jersey City","Public Housing",4,76.75,79.5,2018-07-23,2009-04-15,5
"394","NJ009000004","Hudson Grdns","514 Newark Ave","Jersey City","Public Housing",1,82,82,2014-06-13,2014-06-13,20
"395","NJ009000005","Holland Grdns","233 16th St","Jersey City","Public Housing",1,83,83,2009-04-23,2009-04-23,20
"396","NJ009000005","Holland Grdns","235 16th St","Jersey City","Public Housing",3,82.6666666666667,78,2019-07-08,2015-07-01,6.66666666666667
"397","NJ009000005","Holland Grdns","241 16th St","Jersey City","Public Housing",1,67,67,2014-06-18,2014-06-18,20
"398","NJ009000006","Montgomery Grdns","561 Montgomery St","Jersey City","Public Housing",1,59,59,2009-09-18,2009-09-18,20
"399","NJ009000006","Montgomery Grdns","563 Montgomery St","Jersey City","Public Housing",3,65,52,2020-03-13,2014-06-11,6.66666666666667
"400","NJ009000008","Curries Woods","3 New Heckman Dr","Jersey City","Public Housing",2,94,94,2014-09-09,2009-05-04,10
"401","NJ009000008","Curries Woods","3 New Heckman Dr Apt 861","Jersey City","Public Housing",1,64,64,2017-09-25,2017-09-25,20
"402","NJ009000010","Dwight Street Home","400 U.s. Highway #1 (Marion Gardens) B","Jersey City","Public Housing",1,92,92,2014-07-01,2014-07-01,20
"403","NJ009000010","Dwight Street Homes","125a Dwight St","Jersey City","Public Housing",4,73,76,2019-07-08,2009-05-17,5
"404","NJ009000012","Lafayette Ii","110 Manning Ave","Jersey City","Public Housing",3,81,82,2019-08-02,2009-05-07,6.66666666666667
"405","NJ009000012","Lafayette Ii","400 U.s. Highway #1 (Marion Gardens) B","Jersey City","Public Housing",1,89,89,2014-10-21,2014-10-21,20
"406","NJ009000013","Lafayette Senior L","400 U.s. Highway #1 (Marion Gardens) B","Jersey City","Public Housing",1,92,92,2014-05-13,2014-05-13,20
"407","NJ009000013","Lafayette Senior Living Center","463 Pacific Ave","Jersey City","Public Housing",1,99,99,2009-05-14,2009-05-14,20
"408","NJ009000013","Lafayette Senior Living Center","463 Pacific Ave Apt 311","Jersey City","Public Housing",2,83.5,83.5,2019-06-11,2017-10-04,10
"409","NJ009000014","Pacific Court","12b Cannon Dr","Jersey City","Public Housing",1,99,99,2009-05-12,2009-05-12,20
"410","NJ009000014","Pacific Court","224a Pacific Ave","Jersey City","Public Housing",1,98,98,2014-06-26,2014-06-26,20
"411","NJ009000014","Pacific Court","2a Cannon Dr","Jersey City","Public Housing",1,92,92,2017-08-09,2017-08-09,20
"412","NJ009000015","Woodward Terrace","332 Woodward St","Jersey City","Public Housing",1,97,97,2009-05-13,2009-05-13,20
"413","NJ009000015","Woodward Terrace","3771 Van Horne St","Jersey City","Public Housing",1,91,91,2017-07-20,2017-07-20,20
"414","NJ009000015","Woodward Terrace","61 James Pop Curry Dr","Jersey City","Public Housing",1,99,99,2014-06-05,2014-06-05,20
"415","NJ009000016","Thomas Stewart Apt","88 Erie St","Jersey City","Public Housing",1,92,92,2014-05-08,2014-05-08,20
"416","NJ009000016","Thomas Stewart Apts","88 Erie St","Jersey City","Public Housing",2,76,76,2017-08-09,2009-05-12,10
"417","NJ009000017","Gloria Robinson Co","348 Duncan Ave","Jersey City","Public Housing",1,90,90,2014-10-23,2014-10-23,20
"418","NJ009000017","Gloria Robinson Court Homes I","8 Harvey Ave","Jersey City","Public Housing",4,,,,,5
"419","NJ009000018","Barbara Place Terr","3621 Van Horne St","Jersey City","Public Housing",1,98,98,2014-06-24,2014-06-24,20
"420","NJ009000018","Barbara Place Terrace","3621 Van Horne St","Jersey City","Public Housing",2,92,92,2019-08-01,2017-07-17,10
"421","NJ009000018","Barbara Place Terrace","3622 Van Horne St","Jersey City","Public Housing",1,,,,,20
"422","NJ009000019","Gloria Robinson Co","4a Harvey Ave","Jersey City","Public Housing",1,90,90,2014-06-10,2014-06-10,20
"423","NJ009000019","Gloria Robinson Court Homes Ii","10 Marcy Pl","Jersey City","Public Housing",3,,,,,6.66666666666667
"424","NJ009000020","Ocean Pointe East","460 Ocean Ave","Jersey City","Public Housing",1,96,96,2014-06-04,2014-06-04,20
"425","NJ009000020","Ocean Pointe East And West","460 Ocean Ave","Jersey City","Public Housing",2,,,,,10
"426","NJ009000021","Glenview I","451 Halladay St","Jersey City","Public Housing",1,99,99,2014-09-24,2014-09-24,20
"427","NJ009000021","Glenview I","480 Halladay St","Jersey City","Public Housing",1,97,97,2017-07-19,2017-07-19,20
"428","NJ009000022","Gloria Robinson Co","105 Harvey Ave","Jersey City","Public Housing",1,91,91,2014-05-06,2014-05-06,20
"429","NJ009000022","Gloria Robinson Court Homes Iii","11 Wilmont Ave","Jersey City","Public Housing",1,95,95,2017-06-30,2017-06-30,20
"430","NJ010000001","Ablett Vlg","1 Abblett Vlg","Camden","Public Housing",3,54.3333333333333,45,2019-02-25,2010-03-29,6.66666666666667
"431","NJ010000001","Ablett Vlg","Wm. S. Ablett Village Management Offic","Camden","Public Housing",2,72,72,2014-05-29,2013-06-20,10
"432","NJ010000002","Branch Vlge","1800 S 9th St","Camden","Public Housing",1,74,74,2014-05-21,2014-05-21,20
"433","NJ010000002","Branch Vlge","23 Branch Vlg","Camden","Public Housing",2,67.5,67.5,2016-02-11,2010-03-17,10
"434","NJ010000014","Carpenters Hill (N","20 Church St","Camden","Public Housing",1,85,85,2014-05-16,2014-05-16,20
"435","NJ010000014","Carpenters Hill (North 32nd Street)","312 N 32nd St","Camden","Public Housing",4,87.5,89,2020-02-19,2010-03-22,5
"436","NJ010000015","Baldwin's Run Ii","3042a Lemuel Ave","Camden","Public Housing",2,93,93,2016-02-25,2010-03-24,10
"437","NJ010000015","Baldwins Run Ii","3042a Lemuel Ave","Camden","Public Housing",1,89,89,2019-02-11,2019-02-11,20
"438","NJ010000018","Mickle Twrs","200 Martin Luther King Blvd.","Camden","Public Housing",2,76,76,2020-02-12,2018-05-18,10
"439","NJ010000018","Mickle Twrs","200 Mickle Blvd","Camden","Public Housing",2,85,85,2015-04-01,2010-01-19,10
"440","NJ010000019","Baldwin Run Senior Building","3195","Camden","Public Housing",1,99,99,2010-01-06,2010-01-06,20
"441","NJ010000019","Baldwin Run Senior Building","3195 Westfield Ave","Camden","Public Housing",2,97.5,97.5,2018-01-18,2015-04-08,10
"442","NJ010000020","Morgan Village","2241 Van Buren St","Camden","Public Housing",1,96,96,2014-04-08,2014-04-08,20
"443","NJ010000020","Morgan Village","669 Sylvan St","Camden","Public Housing",2,88,88,2019-02-21,2017-04-17,10
"444","NJ011000001","De Vries Park","20 Rennie Pl","Lodi","Public Housing",2,86.5,86.5,2020-01-08,2016-09-15,10
"445","NJ011000001","De Vries Park","20 Rennie Pl Apt 1","Lodi","Public Housing",2,90.5,90.5,2010-10-07,2008-12-23,10
"446","NJ011000001","De Vries Park","50 Brookside Ave","Lodi","Public Housing",1,99,99,2015-01-12,2015-01-12,20
"447","NJ012000001","Hook Vlg/Kvk Annex","159 W 2nd St","Bayonne","Public Housing",3,92.6666666666667,93,2019-08-06,2010-01-11,6.66666666666667
"448","NJ012000001","Hook Vlg/Kvk Annex","50 E 21st St","Bayonne","Public Housing",1,80,80,2014-09-11,2014-09-11,20
"449","NJ012000002","Hook Vlg/Kvk Annex","24 E 21st St","Bayonne","Public Housing",3,88.6666666666667,92,2019-08-08,2009-11-10,6.66666666666667
"450","NJ012000002","Hook Vlg/Kvk Annex","50 E 21st St","Bayonne","Public Housing",1,86,86,2014-09-10,2014-09-10,20
"451","NJ012000003","Back Bay Grdns","50 E 21st St","Bayonne","Public Housing",1,89,89,2014-09-12,2014-09-12,20
"452","NJ012000003","Back Bay Grdns","535 Avenue A","Bayonne","Public Housing",4,84.25,85,2019-08-09,2009-11-12,5
"453","NJ013000001","Speer Vlg","11 Aspen Pl","Passaic","Public Housing",5,51.6,47,2020-02-20,2009-02-09,4
"454","NJ013000001","Speer Vlg","52 Aspen Pl","Passaic","Public Housing",1,82,82,2013-06-24,2013-06-24,20
"455","NJ013000002","Vreeland Vlg","201/203 Sixth Street","Passaic","Public Housing",2,66.5,66.5,2010-01-25,2009-01-14,10
"456","NJ013000002","Vreeland Vlg","234 Chestnut St","Passaic","Public Housing",2,69.5,69.5,2014-04-07,2013-06-17,10
"457","NJ013000002","Vreeland Vlg",,"Passaic","Public Housing",1,88,88,2016-02-22,2016-02-22,20
"458","NJ014000001","Stanley Holmes Vil","1539 Adriatic Ave","Atlantic City","Public Housing",1,81,81,2014-07-09,2014-07-09,20
"459","NJ014000001","Stanley Holmes Village","300 Rosemont Pl","Atlantic City","Public Housing",2,52,52,2010-04-16,2009-04-20,10
"460","NJ014000001","Stanley Holmes Village","325 N Dr Martin Luther King Blvd","Atlantic City","Public Housing",1,73,73,2016-03-18,2016-03-18,20
"461","NJ014000002","Jeffries / Inlet T","227 N Vermont Ave","Atlantic City","Public Housing",1,80,80,2014-06-17,2014-06-17,20
"462","NJ014000002","Jeffries / Inlet Tower","227 N Vermont Ave","Atlantic City","Public Housing",5,59.8,63,2019-09-19,2009-04-28,4
"463","NJ014000003","Walter J Buzby Hom","600 South Dr","Atlantic City","Public Housing",1,87,87,2014-07-08,2014-07-08,20
"464","NJ014000003","Walter J Buzby Homes","4200 W End Ave","Atlantic City","Public Housing",5,68.2,72,2019-07-18,2009-04-16,4
"465","NJ014000005","Altman Terrace","1000 Arctic Ave","Atlantic City","Public Housing",5,72.2,73,2018-08-10,2009-03-10,4
"466","NJ014000005","Altman Terrace","1000 Artic Ave","Atlantic City","Public Housing",1,85,85,2014-05-30,2014-05-30,20
"467","NJ014000006","Scattered Sites","310 Robinson Ave","Atlantic City","Public Housing",6,72.1666666666667,72,2019-07-29,2009-05-04,3.33333333333333
"468","NJ014000006","Scattered Sites","901 Arctic Ave","Atlantic City","Public Housing",1,86,86,2014-10-14,2014-10-14,20
"469","NJ014000011","Atlantic City Hope","901 Artic Ave","Atlantic City","Public Housing",1,85,85,2014-04-22,2014-04-22,20
"470","NJ014000011","Atlantic City Hope Vi/Cfp","1801 Bishop Richard Allen Ave","Atlantic City","Public Housing",2,94.5,94.5,2019-07-23,2016-03-30,10
"471","NJ015000001","Andrew Jackson Grd","400 Harrison St","Hoboken","Public Housing",1,14,14,2015-01-21,2015-01-21,20
"472","NJ015000001","Andrew Jackson Grdns","300 Marshall Dr","Hoboken","Public Housing",6,21,26,2019-09-25,2008-11-05,3.33333333333333
"473","NJ015000002","C Columbus Grdns","455 9th St","Hoboken","Public Housing",6,41.3333333333333,39.5,2019-09-24,2008-11-14,3.33333333333333
"474","NJ015000002","C Columbus Grdns","460 8th St","Hoboken","Public Housing",1,38,38,2015-01-07,2015-01-07,20
"475","NJ015000003","Harrison Grdns","310 Jackson St","Hoboken","Public Housing",1,28,28,2015-01-12,2015-01-12,20
"476","NJ015000003","Harrison Grdns","311 Harrison St","Hoboken","Public Housing",2,14.5,14.5,2019-09-24,2017-11-02,10
"477","NJ015000003","Harrison Grdns","320 Jackson St","Hoboken","Public Housing",4,21.75,20.5,2015-08-14,2008-11-17,5
"478","NJ015000004","Monroe & Adams Grd","220 Adams St","Hoboken","Public Housing",1,25,25,2015-01-15,2015-01-15,20
"479","NJ015000004","Monroe & Adams Grdns","221 Jackson St","Hoboken","Public Housing",6,39.8333333333333,36.5,2019-09-24,2008-11-14,3.33333333333333
"480","NJ016000001","Harrison Grdns","740 William St","Harrison","Public Housing",1,84,84,2017-10-19,2017-10-19,20
"481","NJ016000001","Harrison Grdns","Harrison Gardens","Harrison","Public Housing",2,93,93,2014-07-02,2010-04-06,10
"482","NJ018000001","Delacov  Homes","100  Magnolia Street","Beverly","Public Housing",1,85,85,2013-10-31,2013-10-31,20
"483","NJ018000001","Delacov  Homes","101 Delacove Homes","Beverly","Public Housing",3,86,83,2016-10-05,2008-11-10,6.66666666666667
"484","NJ021000001","Riverside Terrace","29 Harris Pl","Paterson","Public Housing",2,58.5,58.5,2014-09-03,2013-07-11,10
"485","NJ021000001","Riverside Terrace  Development","16 Plesinger Pl","Paterson","Public Housing",5,49.4,41,2018-08-16,2009-04-20,4
"486","NJ021000012","Sojourner Douglass","B-6 208-216 Carroll Street","Paterson","Public Housing",1,86,86,2013-07-11,2013-07-11,20
"487","NJ021000012","Sojourner Douglass Homes","A-1 77-79 Pearl Street","Paterson","Public Housing",2,53,53,2018-09-06,2017-04-04,10
"488","NJ021000012","Sojourner Douglass Homes",,"Paterson","Public Housing",1,88,88,2015-05-21,2015-05-21,20
"489","NJ021000014","Christopher Columb","60 Temple St","Paterson","Public Housing",1,98,98,2014-09-11,2014-09-11,20
"490","NJ021000014","Christopher Columbus Site Iv","14 Van Houten St","Paterson","Public Housing",5,82.8,87,2018-08-14,2009-05-12,4
"491","NJ021000021","Heritage Alexander Hamilton-Iii","658","Paterson","Public Housing",1,95,95,2018-06-29,2018-06-29,20
"492","NJ021000021","Heritage Alexander Hamilton-Iii",,"Paterson","Public Housing",1,98,98,2015-06-04,2015-06-04,20
"493","NJ021006178","Barnert, Cotton An","199 Carroll St","Paterson","Public Housing",1,75,75,2013-07-10,2013-07-10,20
"494","NJ021006178","Barnert, Cotton An","60 Van Houten St","Paterson","Public Housing",1,90,90,2014-08-25,2014-08-25,20
"495","NJ021006178","Barnert, Cotton And Griffin Developments","163 Rosa Parks Blvd","Paterson","Public Housing",3,69,70,2018-02-15,2010-03-30,6.66666666666667
"496","NJ021062910","Mcbride, Masiello","60 Van Houten St","Paterson","Public Housing",1,84,84,2014-04-23,2014-04-23,20
"497","NJ021062910","Mcbride, Masiello And Canfield Devels","255 Atlantic St","Paterson","Public Housing",4,77.25,78.5,2018-08-15,2009-04-20,5
"498","NJ022000001","Schwartz Hms","159 Wright Pl","New Brunswick","Public Housing",6,56.8333333333333,55.5,2019-09-19,2008-11-05,3.33333333333333
"499","NJ022000001","Schwartz Hms","18 Van Dyke Ave","New Brunswick","Public Housing",1,49,49,2014-10-01,2014-10-01,20
"500","NJ022000003","Riverside Complex","1 Riverside Dr","New Brunswick","Public Housing",3,89.6666666666667,90,2015-07-06,2008-11-03,6.66666666666667
"501","NJ022000003","Riverside Complex","16 Riverside Dr","New Brunswick","Public Housing",1,71,71,2014-09-08,2014-09-08,20
"502","NJ022000004","Providence Square","55 Harvey St","New Brunswick","Public Housing",1,94,94,2014-08-13,2014-08-13,20
"503","NJ022000004","Providence Square Housing Urban Renewal","55 Harvey St","New Brunswick","Public Housing",2,93.5,93.5,2019-08-30,2017-09-11,10
"504","NJ023000001","Manahan Village","31 Early St","Morristown","Public Housing",2,76,76,2015-01-20,2014-02-26,10
"505","NJ023000001","Manahan Village","Clyde Potts Court","Morristown","Public Housing",3,68.3333333333333,75,2017-11-03,2008-10-21,6.66666666666667
"506","NJ023000001","Manahan Village",,"Morristown","Public Housing",1,69,69,2015-07-23,2015-07-23,20
"507","NJ024000001","Heckman Terrace","427 Watson Pl","Phillipsburg","Public Housing",5,80.2,88,2019-09-12,2009-01-14,4
"508","NJ024000001","Heckman Terrace","530 Heckman St","Phillipsburg","Public Housing",1,83,83,2014-09-15,2014-09-15,20
"509","NJ024000002","Heckman House","525 Fisher Ave","Phillipsburg","Public Housing",4,83.25,94,2019-09-23,2008-10-28,5
"510","NJ024000002","Heckman House","530 Heckman St","Phillipsburg","Public Housing",1,86,86,2014-09-15,2014-09-15,20
"511","NJ025000003","Washington Manor","340","Orange","Public Housing",2,48,48,2010-03-22,2009-05-06,10
"512","NJ025000003","Washington Manor","340 Thomas Blvd","Orange","Public Housing",4,73.5,82.5,2019-07-01,2014-07-25,5
"513","NJ025000004","Walter G. Alexande","120 Parrow St","Orange","Public Housing",1,88,88,2014-03-20,2014-03-20,20
"514","NJ025000004","Walter G. Alexander Village I","120 Parrow St","Orange","Public Housing",4,82.25,81.5,2019-06-11,2015-06-29,5
"515","NJ025000005","Walter G. Alexande","105 Wilson Pl","Orange","Public Housing",1,86,86,2014-03-20,2014-03-20,20
"516","NJ025000005","Walter G. Alexander Village Ii","105 Wilson Pl","Orange","Public Housing",2,89.5,89.5,2017-04-03,2015-06-29,10
"517","NJ026000002","Hillside Terr 1","3911 Kennedy Blvd","Union City","Public Housing",2,50.5,50.5,2014-10-29,2013-08-13,10
"518","NJ026000002","Hillside Terr 1","634 39th St","Union City","Public Housing",6,65.1666666666667,75.5,2019-08-21,2008-11-14,3.33333333333333
"519","NJ026000003","Hillside Terr 2","3901 Kennedy Blvd","Union City","Public Housing",5,66.8,59,2018-09-24,2008-11-20,4
"520","NJ026000003","Hillside Terr 2","3911 Kennedy Blvd","Union City","Public Housing",2,58.5,58.5,2014-10-30,2013-08-15,10
"521","NJ027000001","Redding Circle","201 Redding Cir","Princeton","Public Housing",2,74.5,74.5,2010-09-13,2008-12-03,10
"522","NJ027000001","Redding Circle","50 Clay St","Princeton","Public Housing",1,80,80,2014-09-05,2014-09-05,20
"523","NJ028000001","Oratam Ct","230 Central Ave","Hackensack","Public Housing",2,83.5,83.5,2010-10-08,2008-12-24,10
"524","NJ028000001","Oratam Ct","65 1st St","Hackensack","Public Housing",1,93,93,2013-10-28,2013-10-28,20
"525","NJ028000002","Wm B Widnall Tws","60 Kansas St","Hackensack","Public Housing",2,65.5,65.5,2010-10-27,2008-12-01,10
"526","NJ028000002","Wm B Widnall Tws","65 1st St","Hackensack","Public Housing",1,98,98,2013-10-29,2013-10-29,20
"527","NJ030000001","Park East Gdns","515 54th St","West New York","Public Housing",2,63,63,2017-11-16,2015-02-24,10
"528","NJ030000001","Park East Gdns","515 54th St Ste 1","West New York","Public Housing",3,53.3333333333333,53,2010-10-29,2008-11-18,6.66666666666667
"529","NJ030000001","Park East Gdns","6100 Adams St","West New York","Public Housing",1,47,47,2013-10-22,2013-10-22,20
"530","NJ032000010","Glendenning Hms","165 E Grand Ave","Rahway","Public Housing",1,79,79,2014-07-25,2014-07-25,20
"531","NJ032000010","Glendenning Hms","550 Capobianco Plz","Rahway","Public Housing",6,78.5,82.5,2019-09-06,2008-10-06,3.33333333333333
"532","NJ032000020","J F Kennedy","224 W Grand Ave","Rahway","Public Housing",1,78,78,2014-07-14,2014-07-14,20
"533","NJ032000020","J F Kennedy","250 W Grand Ave","Rahway","Public Housing",4,88,89,2018-09-05,2008-10-27,5
"534","NJ033000001","Woodbridge Grdn Ap","20  20 Bunns Lane Lane","Woodbridge","Public Housing",1,96,96,2013-09-25,2013-09-25,20
"535","NJ033000001","Woodbridge Grdn Apts","1 Bunns Lane","Woodbridge","Public Housing",3,63.6666666666667,68,2017-11-01,2008-10-16,6.66666666666667
"536","NJ033000002","Stern-Olsen Towers","55 Brook St","Woodbridge","Public Housing",1,71,71,2017-11-13,2017-11-13,20
"537","NJ033000002","Stern-Olsen Towers","555 New Brunswick Ave","Fords","Public Housing",3,89.3333333333333,91,2015-02-23,2008-11-18,6.66666666666667
"538","NJ034000013","Gen Pulaski Ct","19 Daniel P Conte Ct","Garfield","Public Housing",3,90.3333333333333,91,2017-10-17,2009-05-20,6.66666666666667
"539","NJ034000013","Gen Pulaski Ct","71 Daniel P Conte Ct","Garfield","Public Housing",1,91,91,2014-05-07,2014-05-07,20
"540","NJ036000001","Jos P Macaluso Tws","400 68th St","Guttenberg","Public Housing",2,76.5,76.5,2010-04-22,2009-04-16,10
"541","NJ036000001","Jos P Macaluso Tws","6900 Broadway","Guttenberg","Public Housing",1,96,96,2014-05-07,2014-05-07,20
"542","NJ036000001","Jos P Macaluso Tws","7005 Boulevard","Guttenberg","Public Housing",1,80,80,2015-07-01,2015-07-01,20
"543","NJ036000001","Jos P Macaluso Tws","7005 Boulevard E","Guttenberg","Public Housing",2,45,45,2020-02-18,2017-10-12,10
"544","NJ037000001","Camptown Gardens","141 Union Ave","Irvington","Public Housing",6,53.3333333333333,43,2019-06-18,2009-04-13,3.33333333333333
"545","NJ037000001","Camptown Gardens","624 Nye Ave","Irvington","Public Housing",2,73.5,73.5,2014-06-23,2013-07-18,10
"546","NJ038000001","Maplewood Hms","11 Maplewood Homes","Florence","Public Housing",3,68.6666666666667,66,2019-07-19,2009-04-16,6.66666666666667
"547","NJ038000001","Maplewood Hms","620 W Third St","Florence","Public Housing",1,84,84,2014-06-25,2014-06-25,20
"548","NJ039000001","Joanne Hollis Gardens","305 Plainfield Ave","Plainfield","Public Housing",4,50,52.5,2020-01-28,2016-02-25,5
"549","NJ039000001","West End Grdns","305 Plainfield Ave","Plainfield","Public Housing",3,41.3333333333333,45,2011-04-11,2009-02-23,6.66666666666667
"550","NJ039000001","West End Grdns","500 W Ofc 518 West 3rd St Street","Plainfield","Public Housing",1,57,57,2013-05-21,2013-05-21,20
"551","NJ039000001","West End Grdns","500 W Ofc 518 West 4th St Street","Plainfield","Public Housing",1,42,42,2014-05-19,2014-05-19,20
"552","NJ039000002","Elmwood Grdns","532 W Ofc 532 West 2nd St. 1-A Street","Plainfield","Public Housing",1,33,33,2013-05-22,2013-05-22,20
"553","NJ039000002","Elmwood Grdns","544 W 2nd St","Plainfield","Public Housing",3,39.3333333333333,32,2011-04-12,2009-02-09,6.66666666666667
"554","NJ039000003","Richmond Tws","510 E Mofc 510 East Front St. 1st Floor","Plainfield","Public Housing",2,67,67,2014-05-20,2013-05-23,10
"555","NJ039000003","Richmond Tws","520 E Front St","Plainfield","Public Housing",6,60.3333333333333,65.5,2019-03-14,2009-02-06,3.33333333333333
"556","NJ041000001","Jennie Parker Mnr","121 Waterwitch Ave","Highlands","Public Housing",2,83,83,2015-07-14,2009-11-12,10
"557","NJ041000001","Jennie Parker Mnr","125 Waterwitch Ave","Highlands","Public Housing",1,76,76,2013-08-28,2013-08-28,20
"558","NJ042000002","Parkside Senior Ho","25 Parkside St","Somerset","Public Housing",1,89,89,2015-01-09,2015-01-09,20
"559","NJ042000002","Parkside Senior Housng","25 Parkside St","Somerset","Public Housing",1,93,93,2017-11-30,2017-11-30,20
"560","NJ042000003","Parkside Family Ho","10 Parkside St","Somerset","Public Housing",1,98,98,2015-01-09,2015-01-09,20
"561","NJ042000003","Parkside Family Housing","10 Parkside St","Somerset","Public Housing",1,71,71,2017-10-26,2017-10-26,20
"562","NJ042000004","Parkside Family Ho","101 Chester Ave","Somerset","Public Housing",1,85,85,2015-01-14,2015-01-14,20
"563","NJ042000004","Parkside Family Housing","131 Mark Street","Somerset","Public Housing",1,91,91,2017-11-13,2017-11-13,20
"564","NJ043000001","Julius C Engel Grd","14 Rev Samuel Carpenter Blvd","Edison","Public Housing",1,70,70,2013-07-24,2013-07-24,20
"565","NJ043000001","Julius C Engel Grdns No Edison Gardens","12a Weston Forbes Ct","Edison","Public Housing",2,68,68,2015-09-18,2009-11-13,10
"566","NJ043000001","Robert Holmes Gardens","12a Weston Forbes Ct","Edison","Public Housing",2,68,68,2019-08-20,2018-07-16,10
"567","NJ043000002","Julius C Engel Grd","1 Willard Dunham Drive","Edison","Public Housing",1,88,88,2013-07-30,2013-07-30,20
"568","NJ043000002","Julius C Engel Grdns No Edison Gardens","A1 Willard Dunham Drive","Edison","Public Housing",2,82.5,82.5,2019-08-19,2018-07-09,10
"569","NJ043000002","Julius C Engel Grdns No Edison Gardens","K1 Avenue C","Edison","Public Housing",1,91,91,2009-11-10,2009-11-10,20
"570","NJ043000002","Julius C Engel Grdns No Edison Gardens",,"Edison","Public Housing",1,89,89,2015-07-24,2015-07-24,20
"571","NJ044000001","Samuel J Kronman S","242 S 242 South 6th Ave Avenue","Highland Park","Public Housing",1,93,93,2014-06-12,2014-06-12,20
"572","NJ044000001","Samuel J Kronman Sc","242 S 6th Ave","Highland Park","Public Housing",1,70,70,2017-07-06,2017-07-06,20
"573","NJ044000001","Samuel J Kronman Sc","242 S 6th Ave Ste 1","Highland Park","Public Housing",1,80,80,2009-06-02,2009-06-02,20
"574","NJ045000001","Hightstown Homes","131  131 Rogers Avenue Avenue","Hightstown","Public Housing",1,90,90,2014-03-21,2014-03-21,20
"575","NJ045000001","Hightstown Homes","215 Academy St Apt 1","Hightstown","Public Housing",2,71.5,71.5,2011-04-04,2008-12-11,10
"576","NJ045000001","Hightstown Homes","215 S Academy St","Hightstown","Public Housing",2,77,77,2020-02-18,2017-03-03,10
"577","NJ047000001","Edw J Dolan Hms","A1 Bergen St","Carteret","Public Housing",1,89,89,2016-04-21,2016-04-21,20
"578","NJ047000001","Edw J Dolan Hms","C1 Bergen St","Carteret","Public Housing",1,59,59,2018-02-13,2018-02-13,20
"579","NJ047000001","Jeanette Smith Vlg","I1 Union St","Carteret","Public Housing",1,95,95,2009-01-14,2009-01-14,20
"580","NJ047000002","Edw J Dolan Hms","A1 Bergen St","Carteret","Public Housing",1,90,90,2009-01-26,2009-01-26,20
"581","NJ047000002","Jeanette Smith Vlg","96 Roosevelt Ave","Carteret","Public Housing",1,89,89,2014-05-14,2014-05-14,20
"582","NJ047000002","Jeanette Smith Vlg","A1 Noe Street","Carteret","Public Housing",1,73,73,2019-03-06,2019-03-06,20
"583","NJ047000002","Jeanette Smith Vlg","I1 Union St","Carteret","Public Housing",1,91,91,2016-04-19,2016-04-19,20
"584","NJ048000001","Ridge Court","1130 Heck Ave","Neptune","Public Housing",2,58,58,2017-11-08,2015-09-14,10
"585","NJ048000001","Ridge Court","1130 Heck Ave Apt 1","Neptune","Public Housing",2,56.5,56.5,2010-10-14,2010-04-08,10
"586","NJ048000001","Ridge Court","30 Ridge Ave","Neptune","Public Housing",1,86,86,2013-10-21,2013-10-21,20
"587","NJ048000002","Richard Stout Home","1810 Alberta Ave","Neptune","Public Housing",1,91,91,2013-10-23,2013-10-23,20
"588","NJ048000002","Richard Stout Homes","1801 Alberta Ave","Neptune","Public Housing",2,72,72,2018-06-20,2016-10-06,10
"589","NJ048000002","Richard Stout Homes","19 Davis Ave Apt 2","Neptune","Public Housing",2,77,77,2010-10-12,2010-01-19,10
"590","NJ049000003","Bridgeton Commons","1 Clarke Rd","Bridgeton","Public Housing",1,74,74,2013-12-17,2013-12-17,20
"591","NJ049000003","Bridgeton Commons I","1 Clarke Rd","Bridgeton","Public Housing",2,92.5,92.5,2015-02-02,2009-11-17,10
"592","NJ051000001","Ellis Manor","133 Grillo Ave","Glassboro","Public Housing",1,74,74,2009-02-24,2009-02-24,20
"593","NJ051000001","Ellis Manor","737 Lincoln Blvd","Glassboro","Public Housing",1,87,87,2014-04-03,2014-04-03,20
"594","NJ052000001","Riverview Apts/Che","125 Chestnut St","Boonton","Public Housing",1,96,96,2014-01-15,2014-01-15,20
"595","NJ052000001","Riverview Apts/Chestnut   Cottages","122 Plane St","Boonton","Public Housing",3,68.6666666666667,66,2016-09-30,2009-01-23,6.66666666666667
"596","NJ054000002","Duffy Sc/Jfk","262a Warren St","Lakewood","Public Housing",3,71.6666666666667,76,2011-04-14,2009-03-03,6.66666666666667
"597","NJ054000002","Duffy Sc/Jfk","317 Sampson Ave","Lakewood","Public Housing",1,60,60,2014-06-04,2014-06-04,20
"598","NJ055000001","Vincent K Tibbs Sc","111 West St","Englewood","Public Housing",1,63,63,2015-04-20,2015-04-20,20
"599","NJ055000001","Vincent K Tibbs Sc","111 West St Ste 1","Englewood","Public Housing",1,58,58,2009-02-25,2009-02-25,20
"600","NJ057000001","Belmar Plaza Apts","710 8th Ave","Belmar","Public Housing",3,83,79,2017-11-30,2013-07-30,6.66666666666667
"601","NJ057000001","Belmar Plaza Apts","710 8th Ave Ste 1","Belmar","Public Housing",2,89,89,2010-10-12,2008-12-03,10
"602","NJ058000001","Westside Ct/Broadw","205 Seventh St","Salem","Public Housing",1,66,66,2013-12-10,2013-12-10,20
"603","NJ058000001","Westside Ct/Broadway Tws","10 S Front St","Salem","Public Housing",1,52,52,2015-09-24,2015-09-24,20
"604","NJ058000001","Westside Ct/Broadway Tws","70 Anderson Dr","Salem","Public Housing",2,42.5,42.5,2019-11-19,2017-12-14,10
"605","NJ058000001","Westside Ct/Broadway Tws","707 Broadway Towers","Salem","Public Housing",2,54.5,54.5,2009-11-19,2008-12-22,10
"606","NJ059000001","Pleasantville Towe","140 N Main St","Pleasantville","Public Housing",1,92,92,2014-07-07,2014-07-07,20
"607","NJ059000001","Pleasantville Towers No.","140 N Main St","Pleasantville","Public Housing",1,85,85,2009-05-14,2009-05-14,20
"608","NJ059000005","New Hope Community","156 N Main St","Pleasantville","Public Housing",1,91,91,2014-07-11,2014-07-11,20
"609","NJ059000005","New Hope Community  Phase I","153 Woodland Ave","Pleasantville","Public Housing",1,94,94,2009-06-26,2009-06-26,20
"610","NJ059000006","New Hope Homeowner","1409 Jefferson Ave","Pleasantville","Public Housing",1,98,98,2014-07-17,2014-07-17,20
"611","NJ059000006","New Hope Homeownership","210 W Merion Ave","Pleasantville","Public Housing",1,90,90,2009-10-22,2009-10-22,20
"612","NJ060000001","Granville Towers","1 Church St","Keansburg","Public Housing",3,68,66,2013-10-25,2008-12-03,6.66666666666667
"613","NJ060000001","Granville Towers","1 Church St Apt 111","Keansburg","Public Housing",2,54,54,2018-03-27,2015-11-17,10
"614","NJ061000002","Ferguson/Holly Ber",,"Millville","Public Housing",1,96,96,2015-01-26,2015-01-26,20
"615","NJ061000002","Ferguson/Holly Berry Court","2045 Wheaton Ave","Millville","Public Housing",2,88,88,2019-11-12,2017-12-13,10
"616","NJ061000002","Ferguson/Holly Berry Court","Union Lake Road","Millville","Public Housing",2,88.5,88.5,2010-10-15,2008-12-15,10
"617","NJ061000005","Millville Ha","122 E Main St","Millville","Public Housing",4,83.75,87,2015-01-23,2008-12-19,5
"618","NJ061000005","Millville Ha","122 E Main St Apt 511","Millville","Public Housing",1,55,55,2017-11-13,2017-11-13,20
"619","NJ062000001","Lafayette & Osborn","639 Lafayette St","Cape May","Public Housing",1,99,99,2015-01-22,2015-01-22,20
"620","NJ062000001","Lafayette & Osborne & Broad St Ct","1 Osborne Ct","Cape May","Public Housing",1,85,85,2017-09-27,2017-09-27,20
"621","NJ062000001","Lafayette & Osborne & Broad St Ct","11 Broad Streeet Court","Cape May","Public Housing",2,80.5,80.5,2010-09-09,2008-12-10,10
"622","NJ063000001","Parkview & D'orazi","191 W Chestnut Ave","Vineland","Public Housing",1,90,90,2013-12-11,2013-12-11,20
"623","NJ063000001","Parkview & D'orazio Terrace","84 S West Ave Apt 60","Vineland","Public Housing",2,83.5,83.5,2010-11-02,2009-01-02,10
"624","NJ063000001","Parkview & Dorazio Terrace","84 S West Ave Apt 70","Vineland","Public Housing",1,89,89,2017-11-01,2017-11-01,20
"625","NJ063000002","Kidston Twrs","1040 E Landis Ave","Vineland","Public Housing",3,81.3333333333333,80,2017-11-28,2008-12-17,6.66666666666667
"626","NJ063000002","Kidston Twrs","191 W Chestnut Ave","Vineland","Public Housing",2,78.5,78.5,2015-02-02,2013-12-10,10
"627","NJ063000003","Tarklin Acres","191 W Chestnut Ave","Vineland","Public Housing",1,92,92,2013-10-28,2013-10-28,20
"628","NJ063000003","Tarklin Acres","334 Axtell Ave Apt 1","Vineland","Public Housing",3,92.6666666666667,92,2017-10-18,2009-01-02,6.66666666666667
"629","NJ063000004","Vineland Ha","191 W 191 Chestnut Ave Avenue","Vineland","Public Housing",1,84,84,2013-10-29,2013-10-29,20
"630","NJ063000004","Vineland Ha","64 Arcadia Pl","Vineland","Public Housing",3,71.6666666666667,69,2018-10-17,2015-10-08,6.66666666666667
"631","NJ063000004","Vineland Ha","706 Florence Ave","Vineland","Public Housing",2,78,78,2010-11-17,2008-12-11,10
"632","NJ065000001","George Conway Apts","165 Chambers Bridge Rd","Brick","Public Housing",1,84,84,2015-02-03,2015-02-03,20
"633","NJ065000001","George Conway Apts","165 Chambersbridge Rd","Brick","Public Housing",2,71.5,71.5,2009-12-08,2008-12-02,10
"634","NJ066000001","Ann J Ferguson Tow","1601 Dill Ave","Linden","Public Housing",1,96,96,2015-01-12,2015-01-12,20
"635","NJ066000001","Ann J Ferguson Towers","1601 Dill Ave","Linden","Public Housing",1,89,89,2017-11-28,2017-11-28,20
"636","NJ066000001","Ann J Ferguson Towers","1601 Dill Ave Ste 1","Linden","Public Housing",2,83.5,83.5,2010-10-07,2009-02-09,10
"637","NJ067000001","Boiling Springs Gr","147 Hackensack St","East Rutherford","Public Housing",1,98,98,2014-05-22,2014-05-22,20
"638","NJ067000001","Boiling Springs Grdns","147 Hackensack St Ste 1","East Rutherford","Public Housing",1,91,91,2009-04-27,2009-04-27,20
"639","NJ067000003","Ramsey/Mahwah","102 Ramapo Brae Ln","Mahwah","Public Housing",1,84,84,2009-05-18,2009-05-18,20
"640","NJ067000003","Ramsey/Mahwah","1600 Ramapo Brae Ln","Mahwah","Public Housing",1,96,96,2014-06-30,2014-06-30,20
"641","NJ067000005","David F. Roche Apt","2 Aladdin Ave","Dumont","Public Housing",1,99,99,2014-05-28,2014-05-28,20
"642","NJ067000005","Mahwah","207 209 Ramapo Brae Lane","Mahwah","Public Housing",1,87,87,2009-05-18,2009-05-18,20
"643","NJ069000001","Monmouth Ct","107 Throckmorton St","Freehold","Public Housing",4,59.5,54,2020-02-24,2014-06-05,5
"644","NJ069000001","Monmouth Ct","107 Throckmorton St Ste 1","Freehold","Public Housing",2,83,83,2011-04-13,2008-11-21,10
"645","NJ074000001","Penn Tws South","40 S Broad St","Penns Grove","Public Housing",3,79.6666666666667,75,2019-09-17,2014-08-05,6.66666666666667
"646","NJ074000001","Penn Tws South","40 S Broad St Ofc 1","Penns Grove","Public Housing",2,77,77,2010-11-15,2008-11-18,10
"647","NJ075000001","Edgewater","300 Undercliff Ave","Edgewater","Public Housing",1,74,74,2008-12-16,2008-12-16,20
"648","NJ075000001","Edgewater","300 Undercliff Ave Apt 111","Edgewater","Public Housing",2,88.5,88.5,2018-03-28,2015-02-25,10
"649","NJ076000001","Liberty Tws","32 Liberty St","Newton","Public Housing",3,79,93,2019-03-12,2015-03-26,6.66666666666667
"650","NJ076000001","Liberty Tws","32 Liberty St Ste 1","Newton","Public Housing",2,91,91,2011-04-01,2009-01-14,10
"651","NJ077000001","Weehawken H A","525 Gregory Ave","Weehawken","Public Housing",1,64,64,2014-03-31,2014-03-31,20
"652","NJ077000001","Weehawken H A","525 Gregory Ave Ste 1","Weehawken","Public Housing",1,62,62,2009-01-21,2009-01-21,20
"653","NJ080000001","Commissioners Ct A","3700 New Jersey Ave","Wildwood","Public Housing",1,89,89,2014-04-30,2014-04-30,20
"654","NJ080000001","Commissioners Ct Apts","3700 New Jersey Ave Unit A1","Wildwood","Public Housing",3,77.6666666666667,79,2020-03-03,2009-04-28,6.66666666666667
"655","NJ202000001","Parkview Gardens","600 Central Ave","Minotola","Public Housing",1,99,99,2014-06-02,2014-06-02,20
"656","NJ202000001","Parkview Gardens","600 Central Ave Apt A1","Minotola","Public Housing",1,97,97,2010-02-19,2010-02-19,20
"657","NJ218000001","Gloucester Towne","101 Market St","Gloucester","Public Housing",2,90.5,90.5,2015-06-25,2009-10-08,10
"658","NJ218000001","Gloucester Towne","101 Market St","Gloucester City","Public Housing",1,98,98,2013-06-06,2013-06-06,20
